農,"応用生物化","日本語１","小野　純一","定期試験50％、平常点（小論文20％・研究発表20％・ディスカッション10％）50％の割合で評価する。積極的な発言は加点の、私語や遅刻などは減点の対象とする。また、前期・後期ともに10回以上出席しなければ、定期試験を受験することができない。"
農,"生物環境科","日本語１","小野　純一","定期試験50％、平常点（小論文20％・研究発表20％・ディスカッション10％）50％の割合で評価する。積極的な発言は加点の、私語や遅刻などは減点の対象とする。また、前期・後期ともに10回以上出席しなければ、定期試験を受験することができない。"
農,"生物資源","日本語１","小野　純一","定期試験50％、平常点（小論文20％・研究発表20％・ディスカッション10％）50％の割合で評価する。積極的な発言は加点の、私語や遅刻などは減点の対象とする。また、前期・後期ともに10回以上出席しなければ、定期試験を受験することができない。"
農,"生物資源","日本語２","坪田　雅子","試験９０％、小テスト１０％、３分の１以上欠席した場合は欠格とする。"
農,"生物環境科","日本語２","坪田　雅子","試験９０％、小テスト１０％、３分の１以上欠席した場合は欠格とする。"
農,"応用生物化","日本語２","坪田　雅子","試験９０％、小テスト１０％、３分の１以上欠席した場合は欠格とする。"
農,"応用生物化","日本語３","小野　純一","定期試験70%、授業参加度30%の割合で評価する。積極的な発言は加点の、私語や遅刻などは減点の対象とする。また、前期・後期ともに10回以上出席しなければ、定期試験を受験することができない。"
農,"生物資源","日本語３","小野　純一","定期試験70%、授業参加度30%の割合で評価する。積極的な発言は加点の、私語や遅刻などは減点の対象とする。また、前期・後期ともに10回以上出席しなければ、定期試験を受験することができない。"
農,"生物環境科","日本語３","小野　純一","定期試験70%、授業参加度30%の割合で評価する。積極的な発言は加点の、私語や遅刻などは減点の対象とする。また、前期・後期ともに10回以上出席しなければ、定期試験を受験することができない。"
農,"応用生物化","日本語４","向井　淑子","平常点（授業参加度、提出物等）２０％　　試験５０％　　発表３０％　　"
農,"生物資源","日本語４","向井　淑子","平常点（授業参加度、提出物等）２０％　　試験５０％　　発表３０％　　"
農,"生物環境科","日本語４","向井　淑子","平常点（授業参加度、提出物等）２０％　　試験５０％　　発表３０％　　"
農,"生物資源","英会話初級１","山添　直樹","クラスワークや宿題・課題などを十分にこなしたうえで、試験結果を中心として、主として英語力に向上が見られたかどうかによって、総合的に判断する（成績評価の配分は、クラスワーク20%、試験80%とする）。"
農,"生物資源","英会話中級１","菅原　裕子","クラスワークや宿題・課題などを十分にこなしたうえで、試験結果を中心として、主として英語力に向上が見られたかどうかによって、総合的に判断する（成績評価の配分は、クラスワーク20%、試験80%とする）。"
農,"生物資源","英会話上級１","伊藤　省三","クラスワークや宿題・課題などを十分にこなしたうえで、試験結果を中心として、主として英語力に向上が見られたかどうかによって、総合的に判断する（成績評価の配分は、クラスワーク20%、試験80%とする）。"
農,"生物資源","生物学１","黒川　裕介","定期試験の結果（70%）と平常点（30%）を加味する。平常点は毎回授業後に配布する小テストの内容によって判断する。"
農,"生物資源","生物学２","黒川　裕介","定期試験の結果（70%）と平常点（30%）を加味する。平常点は毎回授業後に配布する小テストの内容によって判断する。"
農,"生物資源","生命・食料・環境・エネルギー","山岸　健三、平児　慎太郎、小原　章裕、田村　廣人、井内　尚樹、山中　三四郎","担当者ごとのレポートもしくは小テスト：100％"
農,"生物環境科","生命・食料・環境・エネルギー","山岸　健三、平児　慎太郎、小原　章裕、田村　廣人、井内　尚樹、山中　三四郎","担当者ごとのレポートもしくは小テスト：100％"
農,"応用生物化","生命・食料・環境・エネルギー","山岸　健三、平児　慎太郎、小原　章裕、田村　廣人、井内　尚樹、山中　三四郎","担当者ごとのレポートもしくは小テスト：100％"
農,"生物環境科","フランス語１","井出　勉","平常点（積極的な学習態度を評価する）30％　定期試験70％"
農,"応用生物化","フランス語１","井出　勉","平常点（積極的な学習態度を評価する）30％　定期試験70％"
農,"生物資源","フランス語１","井出　勉","平常点（積極的な学習態度を評価する）30％　定期試験70％"
農,"生物環境科","日本国憲法","今井　良幸","講義期間中に2回実施する小テスト（30％）と定期試験（70％）により評価する。"
農,"応用生物化","日本国憲法","今井　良幸","講義期間中に2回実施する小テスト（30％）と定期試験（70％）により評価する。"
農,"生物資源","日本国憲法","今井　良幸","講義期間中に2回実施する小テスト（30％）と定期試験（70％）により評価する。"
農,"生物環境科","科学の最前線と歴史","山岸　健三、大浦　健、広瀬　正史、奥村　裕紀、伊藤　武男、近藤　歩、太田　貴之、上山　智","担当者ごとのレポートもしくは小テスト：100％"
農,"応用生物化","科学の最前線と歴史","山岸　健三、大浦　健、広瀬　正史、奥村　裕紀、伊藤　武男、近藤　歩、太田　貴之、上山　智","担当者ごとのレポートもしくは小テスト：100％"
農,"生物資源","科学の最前線と歴史","山岸　健三、大浦　健、広瀬　正史、奥村　裕紀、伊藤　武男、近藤　歩、太田　貴之、上山　智","担当者ごとのレポートもしくは小テスト：100％"
農,"生物資源","作物生産科学","道山　弘康","１年生で大学がどんなところかまだわからないときに，しっかりした勉強をする癖をつけることが，皆さんの将来を決めていくことになる．授業概要を見ればわかる通り，この授業は農学部の授業の根本にあたるものである．予習復習などしっかり勉強をする覚悟をして，取り組んで下さい．大学へ入学した意味があるようにするのはあなたたち自身です．"
農,"生物資源","英語初級１","鬼頭　修","クラスワークや宿題・課題などを十分にこなしたうえで、試験結果を中心として、主として英語力に向上が見られたかどうかによって、総合的に判断する（成績評価の配分は、クラスワーク30%、試験70%とする）。
【注意】本科目の単位を取得するためには、WebClassの「農学英語2017（1年）」において、「農学英単Level 1」のテストプログラムを受験し、指定期日までに必ず合格点に達していなければならない。なお、合格点に達していない場合は、欠格として処理する。"
農,"生物資源","英語中級１","平石　順久","クラスワークや宿題・課題などを十分にこなしたうえで、試験結果を中心として、主として英語力に向上が見られたかどうかによって、総合的に判断する（成績評価の配分は、クラスワーク30%、試験70%とする）。
【注意】本科目の単位を取得するためには、WebClassの「農学英語2017（1年）」において、「農学英単Level 1」のテストプログラムを受験し、指定期日までに必ず合格点に達していなければならない。なお、合格点に達していない場合は、欠格として処理する。"
農,"生物資源","英語上級１","安原　和也","クラスワークや宿題・課題などを十分にこなしたうえで、試験結果を中心として、主として英語力に向上が見られたかどうかによって、総合的に判断する（成績評価の配分は、クラスワーク30%、試験70%とする）。
【注意】本科目の単位を取得するためには、WebClass の「農学英語2017（1 年）」において、「農学英単Level 1」のテストプログラムを受験し、指定期日までに必ず合格点に達していなければならない。なお、合格点に達していない場合は、欠格として処理する。"
農,"応用生物化","暮らしの中の法律","村上　広一","試験60%、レポート20%、e-learningによる小テスト20%で評価する。e-learningによる準備学習・事後学習,レポートで毎回の講義内容の理解度について確認する。欠格は適用しないが,試験のみでは合格できないので注意すること。"
農,"生物環境科","暮らしの中の法律","村上　広一","試験60%、レポート20%、e-learningによる小テスト20%で評価する。e-learningによる準備学習・事後学習,レポートで毎回の講義内容の理解度について確認する。欠格は適用しないが,試験のみでは合格できないので注意すること。"
農,"生物資源","暮らしの中の法律","村上　広一","試験60%、レポート20%、e-learningによる小テスト20%で評価する。e-learningによる準備学習・事後学習,レポートで毎回の講義内容の理解度について確認する。欠格は適用しないが,試験のみでは合格できないので注意すること。"
農,"応用生物化","哲学","高畑　祐人","定期試験１００％"
農,"生物環境科","哲学","高畑　祐人","定期試験１００％"
農,"生物資源","哲学","高畑　祐人","定期試験１００％"
農,"生物資源","健康・スポーツ科学１","山口　清、長崎　大、塩見　哲大","授業に取り組む姿勢や態度70％、体力の向上や技術の達成度10％、そして体力測定終了後レポート提出を義務付け評価のウエイトとして20％とする。"
農,"生物資源","情報機器の操作１","大嶽　麻里子","講義時の提出物・講義中に出題する課題で評価する。
正当な理由のない欠席は1回でも欠格とする。正当な理由のない遅刻は2回目で欠格とする。"
農,"生物資源","情報機器の操作２","丹羽　直美","講義時の提出物・講義中に出題する課題で評価する
正当な理由のない欠席は1回でも欠格とする
正当な理由のない遅刻は2回目で欠格とする"
農,"生物資源","生物学実験","寺田　理枝、上船　雅義、荒川　征夫、津呂　正人、鈴木　康生、平野　達也、道山　弘康、塚越　啓央、山岸　健三","毎回レポートの提出が義務付けられています．レポートの内容(70％)，平常点（受講態度等）(30％)などを加味して評価します．
なお，欠席は原則として認められません．公欠・忌引き・病気（医師による診断書が必要）など正当な理由がある場合には，考慮される場合があります．"
農,"生物資源","数学","小澤　哲也","レポート60%, 定期試験40%."
農,"応用生物化","数学","小澤　哲也","レポート60%, 定期試験40%."
農,"生物環境科","数学","小澤　哲也","レポート60%, 定期試験40%."
農,"生物資源","生物資源学概説","平野　達也、道山　弘康、鈴木　茂敏、津呂　正人、鈴木　康生、寺田　理枝、森上　敦、塚越　啓央、荒川　征夫、山岸　健三、上船　雅義、磯前　秀二、平児　慎太郎","各回の平常点 -小レポートなど-（約40％），課題レポートの成績（約10％），および定期試験の成績（約50％）"
農,"生物資源","心理学","重村　正之","定期試験を75％とし、講義中に指示する課題・レポートを25％として評価する。
授業回数の3分の1を超えて欠席した場合は、欠格として定期試験の受験を認めない。"
農,"生物環境科","心理学","重村　正之","定期試験を75％とし、講義中に指示する課題・レポートを25％として評価する。
授業回数の3分の1を超えて欠席した場合は、欠格として定期試験の受験を認めない。"
農,"応用生物化","心理学","重村　正之","定期試験を75％とし、講義中に指示する課題・レポートを25％として評価する。
授業回数の3分の1を超えて欠席した場合は、欠格として定期試験の受験を認めない。"
農,"生物資源","メディアリテラシー","宮田　雅子","課題点100％（授業内で課す複数のワークシートの記入内容により，理解度を確認する。）
出席は加点要素とはしないが，授業回数の３分の２以上の出席に満たない場合は欠格とする。"
農,"応用生物化","メディアリテラシー","宮田　雅子","課題点100％（授業内で課す複数のワークシートの記入内容により，理解度を確認する。）
出席は加点要素とはしないが，授業回数の３分の２以上の出席に満たない場合は欠格とする。"
農,"生物環境科","メディアリテラシー","宮田　雅子","課題点100％（授業内で課す複数のワークシートの記入内容により，理解度を確認する。）
出席は加点要素とはしないが，授業回数の３分の２以上の出席に満たない場合は欠格とする。"
農,"生物資源","日本語学","山田　永","定期テスト６０％、提出物４０％。無断欠席は厳しく減点する。欠席する場合は、事前に（不可能な時は翌週に）自筆の欠席届を提出すること。遅刻・途中退室した者は｢欠席｣とするので、必ず口頭で申し出ること。なお、６回以上の欠席（公欠・病欠を含む）は欠格とする。"
農,"生物環境科","日本語学","山田　永","定期テスト６０％、提出物４０％。無断欠席は厳しく減点する。欠席する場合は、事前に（不可能な時は翌週に）自筆の欠席届を提出すること。遅刻・途中退室した者は｢欠席｣とするので、必ず口頭で申し出ること。なお、６回以上の欠席（公欠・病欠を含む）は欠格とする。"
農,"応用生物化","日本語学","山田　永","定期テスト６０％、提出物４０％。無断欠席は厳しく減点する。欠席する場合は、事前に（不可能な時は翌週に）自筆の欠席届を提出すること。遅刻・途中退室した者は｢欠席｣とするので、必ず口頭で申し出ること。なお、６回以上の欠席（公欠・病欠を含む）は欠格とする。"
農,"生物環境科","地球と宇宙","谷口　正明","試験を行う。試験の成績（70%）、受講態度（30%）とする。"
農,"生物資源","地球と宇宙","谷口　正明","試験を行う。試験の成績（70%）、受講態度（30%）とする。"
農,"応用生物化","地球と宇宙","谷口　正明","試験を行う。試験の成績（70%）、受講態度（30%）とする。"
農,"応用生物化","中国語１","梁　紅","3分の2の出席率をもって成績評価の対象となり、定期試験60%；平常点（授業参加の積極度、課題の完成度、質問・発言頻度）30%；小テスト（3回予定）10%"
農,"生物資源","中国語１","梁　紅","3分の2の出席率をもって成績評価の対象となり、定期試験60%；平常点（授業参加の積極度、課題の完成度、質問・発言頻度）30%；小テスト（3回予定）10%"
農,"生物環境科","中国語１","梁　紅","3分の2の出席率をもって成績評価の対象となり、定期試験60%；平常点（授業参加の積極度、課題の完成度、質問・発言頻度）30%；小テスト（3回予定）10%"
農,"応用生物化","ドイツ語１","中村　実生","平常点（授業への取り組み，小テスト等）３０％，定期試験７０％．ただし，３分の１を越える欠席をした場合は失格とします．"
農,"生物環境科","ドイツ語１","中村　実生","平常点（授業への取り組み，小テスト等）３０％，定期試験７０％．ただし，３分の１を越える欠席をした場合は失格とします．"
農,"生物資源","ドイツ語１","中村　実生","平常点（授業への取り組み，小テスト等）３０％，定期試験７０％．ただし，３分の１を越える欠席をした場合は失格とします．"
農,"生物資源","生物化学１","森上　敦","定期試験100%で評価する．"
農,"生物資源","化学１","小島　一光","定期試験の結果を基本にして判定します。また、自主学習など日頃の学習状況の成果も評価したいので、試験ではノートの持込を許可します。出席点は原則として評価に含めません。"
農,"生物資源","化学２","小島　一光","定期試験の結果を基本にして判定します。また、自主学習など日頃の学習状況の成果も評価したいので、試験ではノートの持込を許可する予定です。原則として出席点は評価に含めません。"
農,"生物資源","英語初級１【英文法重点クラス】","鬼頭　修","クラスワークや宿題・課題などを十分にこなしたうえで、試験結果を中心として、主として英語力に向上が見られたかどうかによって、総合的に判断する（成績評価の配分は、クラスワーク30%、試験70%とする）。
【注意】本科目の単位を取得するためには、WebClassの「農学英語2017（1年）」において、「農学英単Level 1」のテストプログラムを受験し、指定期日までに必ず合格点に達していなければならない。なお、合格点に達していない場合は、欠格として処理する。"
農,"応用生物化","英語初級１【英文法重点クラス】","鬼頭　修","クラスワークや宿題・課題などを十分にこなしたうえで、試験結果を中心として、主として英語力に向上が見られたかどうかによって、総合的に判断する（成績評価の配分は、クラスワーク30%、試験70%とする）。
【注意】本科目の単位を取得するためには、WebClassの「農学英語2017（1年）」において、「農学英単Level 1」のテストプログラムを受験し、指定期日までに必ず合格点に達していなければならない。なお、合格点に達していない場合は、欠格として処理する。"
農,"生物環境科","英語初級１【英文法重点クラス】","鬼頭　修","クラスワークや宿題・課題などを十分にこなしたうえで、試験結果を中心として、主として英語力に向上が見られたかどうかによって、総合的に判断する（成績評価の配分は、クラスワーク30%、試験70%とする）。
【注意】本科目の単位を取得するためには、WebClassの「農学英語2017（1年）」において、「農学英単Level 1」のテストプログラムを受験し、指定期日までに必ず合格点に達していなければならない。なお、合格点に達していない場合は、欠格として処理する。"
農,"生物資源","英会話初級２","山添　直樹","クラスワークや宿題・課題などを十分にこなしたうえで、試験結果を中心として、主として英語力に向上が見られたかどうかによって、総合的に判断する（成績評価の配分は、クラスワーク20%、試験80%とする）。
【注意】受講生は、TOEICまたはTOEIC-IPを自ら受験し、スコアシートのコピーを必ず１回提出すること。なお、「優」評価を得るためには、クラスワーク等に加えて、TOEICまたはTOEIC-IPにおいて、500点以上のスコアを提出する必要がある。いずれの締め切りも、１月の最終授業日までとし、コピーの提出がない場合は、欠格として処理する。"
農,"生物資源","英会話中級２","菅原　裕子","クラスワークや宿題・課題などを十分にこなしたうえで、試験結果を中心として、主として英語力に向上が見られたかどうかによって、総合的に判断する（成績評価の配分は、クラスワーク20%、試験80%とする）。
【注意】受講生は、TOEICまたはTOEIC-IPを自ら受験し、スコアシートのコピーを必ず１回提出すること。なお、「優」評価を得るためには、クラスワーク等に加えて、TOEICまたはTOEIC-IPにおいて、500点以上のスコアを提出する必要がある。いずれの締め切りも、１月の最終授業日までとし、コピーの提出がない場合は、欠格として処理する。"
農,"生物資源","英会話上級２","伊藤　省三","クラスワークや宿題・課題などを十分にこなしたうえで、試験結果を中心として、主として英語力に向上が見られたかどうかによって、総合的に判断する（成績評価の配分は、クラスワーク20%、試験80%とする）。
【注意】受講生は、TOEICまたはTOEIC-IPを自ら受験し、スコアシートのコピーを必ず１回提出すること。なお、「優」評価を得るためには、クラスワーク等に加えて、TOEICまたはTOEIC-IPにおいて、500点以上のスコアを提出する必要がある。いずれの締め切りも、１月の最終授業日までとし、コピーの提出がない場合は、欠格として処理する。"
農,"生物資源","有機化学","小島　一光","定期試験の結果で成績を判定することを原則とする。また、自主学習など日頃の学習状況の成果も評価したいので、試験ではノートの持込を許可する予定です。原則として出席点は評価に含めません。"
農,"生物資源","物理学","小島　義弘","中間試験（50%)と定期試験（50%)の結果を合わせて100%で評価する。4回以上講義に欠席(遅刻)したものは，欠格扱いとする（診断書提示の病欠，忌引き，教育実習等，正規事務手続きを行った上での欠席は出席として取り扱う）。出席確認はカードリーダにて行うこと。なお，カードリーダ等のトラブルに関する申し出は，受け付けない。学生証の不携帯については，その日の講義開始前に申し出た場合のみ，出席扱いとする。"
農,"生物資源","フランス語２","井出　勉","平常点（積極的な学習態度を評価する）30％　定期試験70％"
農,"応用生物化","フランス語２","井出　勉","平常点（積極的な学習態度を評価する）30％　定期試験70％"
農,"生物環境科","フランス語２","井出　勉","平常点（積極的な学習態度を評価する）30％　定期試験70％"
農,"応用生物化","世界の歴史と文化","武藤　美代子","試験(40%):講義内容の基本的事項に関する問題。レポート（40%）:講義内容の理解度を確認する。授業参加度（20%）: 毎授業後、感想文あるいは質問解答を書く。"
農,"生物環境科","世界の歴史と文化","武藤　美代子","試験(40%):講義内容の基本的事項に関する問題。レポート（40%）:講義内容の理解度を確認する。授業参加度（20%）: 毎授業後、感想文あるいは質問解答を書く。"
農,"生物資源","世界の歴史と文化","武藤　美代子","試験(40%):講義内容の基本的事項に関する問題。レポート（40%）:講義内容の理解度を確認する。授業参加度（20%）: 毎授業後、感想文あるいは質問解答を書く。"
農,"生物資源","園芸学","津呂　正人","定期試験80％と小テスト20％"
農,"生物資源","微生物学","荒川　征夫","出席日数が授業日数の3分の2を超えていることを原則とし、試験の点数を100％として評価する。授業開始後20分以降の入室は遅刻とし、2回の遅刻を1回欠席として加算する。出席記録がありながら教室に不在が発覚した場合は、3回欠席とする。"
農,"生物資源","英語初級２","鬼頭　修","クラスワークや宿題・課題などを十分にこなしたうえで、試験結果を中心として、主として英語力に向上が見られたかどうかによって、総合的に判断する（成績評価の配分は、クラスワーク30%、試験70%とする）。
【注意】本科目の単位を取得するためには、WebClassの「農学英語2017（1年）」において、「農学英単Level 2」のテストプログラムを受験し、指定期日までに必ず合格点に達していなければならない。なお、合格点に達していない場合は、欠格として処理する。"
農,"生物資源","英語中級２","安原　和也","クラスワークや宿題・課題などを十分にこなしたうえで、試験結果を中心として、主として英語力に向上が見られたかどうかによって、総合的に判断する（成績評価の配分は、クラスワーク30%、試験70%とする）。
【注意】本科目の単位を取得するためには、WebClass の「農学英語2017（1 年）」において、「農学英単Level 2」のテストプログラムを受験し、指定期日までに必ず合格点に達していなければならない。なお、合格点に達していない場合は、欠格として処理する。"
農,"生物資源","英語上級２","平石　順久","クラスワークや宿題・課題などを十分にこなしたうえで、試験結果を中心として、主として英語力に向上が見られたかどうかによって、総合的に判断する（成績評価の配分は、クラスワーク30%、試験70%とする）。
【注意】本科目の単位を取得するためには、WebClassの「農学英語2017（1年）」において、「農学英単Level 2」のテストプログラムを受験し、指定期日までに必ず合格点に達していなければならない。なお、合格点に達していない場合は、欠格として処理する。"
農,"生物環境科","宗教の世界","平野　克典","授業への参加状況（授業態度、小レポート）２０％と試験８０％
出席は加点要素とはしないが、3分の1以上欠席した場合は欠格となる。"
農,"応用生物化","宗教の世界","平野　克典","授業への参加状況（授業態度、小レポート）２０％と試験８０％
出席は加点要素とはしないが、3分の1以上欠席した場合は欠格となる。"
農,"生物資源","宗教の世界","平野　克典","授業への参加状況（授業態度、小レポート）２０％と試験８０％
出席は加点要素とはしないが、3分の1以上欠席した場合は欠格となる。"
農,"生物資源","健康・スポーツ科学２","山口　清、長崎　大、塩見　哲大","健康･スポーツ科学2は実技と理論（試験）を6対4とする。実技は85％、体力の向上や技術の達成度15％とする。理論は試験が80％、平常点20％とする。"
農,"生物資源","情報機器の操作２","安田　倫代","講義時の提出物・講義中に出題する課題で評価する
正当な理由のない欠席は1回でも欠格とする。正当な理由のない遅刻は2回目で欠格とする"
農,"生物資源","情報機器の操作３","丹羽　直美","講義時の提出物・講義中に出題する課題で評価する
正当な理由のない欠席は1回でも欠格とする。正当な理由のない遅刻は2回目で欠格とする"
農,"生物資源","生物資源経済学","平児　慎太郎","定期試験のスコアを重視する。
出席は受験資格をチェックするために用いるが、私語をやめないなどの妨害行為、代返が発覚した場合には失格などの厳しい罰則を科す。"
農,"生物資源","動物分類・形態学","山岸　健三","定期試験100％：定期試験は小論文形式で，講義内容の理解度と，前後の話題を有機的に関連づけて理解できているかを問う．試験の合格率は意外と低いのですが，講義後の復習を十分に行い，前後の講義と関連付けて理解するよう努めてください．"
農,"生物資源","政治学","小林　正嗣","試験(100%)の点数に基づいて評価する。"
農,"生物環境科","政治学","小林　正嗣","試験(100%)の点数に基づいて評価する。"
農,"応用生物化","政治学","小林　正嗣","試験(100%)の点数に基づいて評価する。"
農,"応用生物化","経済学","杉本　大三","定期試験（100％）。"
農,"生物資源","経済学","杉本　大三","定期試験（100％）。"
農,"生物環境科","経済学","杉本　大三","定期試験（100％）。"
農,"生物資源","植物分類・形態学","森上　敦","定期試験（100％）．ただし、３分の１以上欠席した場合は欠格とする．"
農,"生物資源","地学","川瀬　基弘","試験（70％），平常点（10％），随時行う簡単なレポート（20％）から総合的に評価する．"
農,"応用生物化","地学","川瀬　基弘","試験（70％），平常点（10％），随時行う簡単なレポート（20％）から総合的に評価する．"
農,"生物環境科","物質の成り立ち","谷口　正明","試験を行う。試験の成績（70%）、受講態度（30%）とする。"
農,"生物資源","物質の成り立ち","谷口　正明","試験を行う。試験の成績（70%）、受講態度（30%）とする。"
農,"応用生物化","物質の成り立ち","谷口　正明","試験を行う。試験の成績（70%）、受講態度（30%）とする。"
農,"生物資源","社会学","櫻井　龍彦","平常点（ディスカッションとそれにもとづく小レポートなど）30%、試験70%の配分で評価する。"
農,"応用生物化","社会学","櫻井　龍彦","平常点（ディスカッションとそれにもとづく小レポートなど）30%、試験70%の配分で評価する。"
農,"生物環境科","社会学","櫻井　龍彦","平常点（ディスカッションとそれにもとづく小レポートなど）30%、試験70%の配分で評価する。"
農,"生物環境科","日本の歴史と文化","久野　潤","出席点30% ＋ 定期テスト70%　　発表担当者にはさらに加点"
農,"応用生物化","日本の歴史と文化","久野　潤","出席点30% ＋ 定期テスト70%　　発表担当者にはさらに加点"
農,"生物資源","日本の歴史と文化","久野　潤","出席点30% ＋ 定期テスト70%　　発表担当者にはさらに加点"
農,"生物資源","日本語学","山田　永","定期テスト６０％、提出物４０％。無断欠席は厳しく減点する。欠席する場合は、事前に（不可能な時は翌週に）自筆の欠席届を提出すること。遅刻・途中退室した者は｢欠席｣とするので、必ず口頭で申し出ること。なお、６回以上の欠席（公欠・病欠を含む）は欠格とする。"
農,"生物環境科","日本語学","山田　永","定期テスト６０％、提出物４０％。無断欠席は厳しく減点する。欠席する場合は、事前に（不可能な時は翌週に）自筆の欠席届を提出すること。遅刻・途中退室した者は｢欠席｣とするので、必ず口頭で申し出ること。なお、６回以上の欠席（公欠・病欠を含む）は欠格とする。"
農,"応用生物化","日本語学","山田　永","定期テスト６０％、提出物４０％。無断欠席は厳しく減点する。欠席する場合は、事前に（不可能な時は翌週に）自筆の欠席届を提出すること。遅刻・途中退室した者は｢欠席｣とするので、必ず口頭で申し出ること。なお、６回以上の欠席（公欠・病欠を含む）は欠格とする。"
農,"生物資源","中国語２","梁　紅","3分の2の出席率をもって成績評価の対象となり、定期試験60%；平常点（授業参加の積極度、課題の完成度、質問・発言頻度）30%；小テスト（3回予定）10%"
農,"応用生物化","中国語２","梁　紅","3分の2の出席率をもって成績評価の対象となり、定期試験60%；平常点（授業参加の積極度、課題の完成度、質問・発言頻度）30%；小テスト（3回予定）10%"
農,"生物環境科","中国語２","梁　紅","3分の2の出席率をもって成績評価の対象となり、定期試験60%；平常点（授業参加の積極度、課題の完成度、質問・発言頻度）30%；小テスト（3回予定）10%"
農,"生物資源","ドイツ語２","中村　実生","平常点（授業への取り組み，小テスト等）３０％，定期試験７０％．ただし，３分の１を越える欠席をした場合は失格とします．"
農,"生物環境科","ドイツ語２","中村　実生","平常点（授業への取り組み，小テスト等）３０％，定期試験７０％．ただし，３分の１を越える欠席をした場合は失格とします．"
農,"応用生物化","ドイツ語２","中村　実生","平常点（授業への取り組み，小テスト等）３０％，定期試験７０％．ただし，３分の１を越える欠席をした場合は失格とします．"
農,"生物資源","化学実験","山口　秀明、大場　正春、前林　正弘、奥村　裕紀、長澤　麻央、濱本　博三、志水　元亨","全ての実験に出席し、レポートを全て提出したものに単位を与える。実験中の態度、およびレポートの内容どちらも同等に重視する。"
農,"生物資源","化学実験","山口　秀明、大場　正春、前林　正弘、奥村　裕紀、長澤　麻央、濱本　博三、志水　元亨","全ての実験に出席し、レポートを全て提出したものに単位を与える。実験中の態度、およびレポートの内容どちらも同等に重視する。"
農,"応用生物化","農学特別講義２","大浦　健、小平　均、辻井　崇起、齋藤　弥生子、謝　憲文、小池　聡、李　秀澈、礒井　俊行、高山　博好、林　義明、多田　眞一、市村　一雄","毎回の講義終了後にレポート提出を課し，この成績結果(40％)と平常点(60％)により総合的評価を行う。なお，授業回数の3分の１以上欠席した場合は欠格とする。毎回提出のレポートは，講義内容が十分に理解・把握されているかどうかをみる．"
農,"生物環境科","農学特別講義２","大浦　健、小平　均、辻井　崇起、齋藤　弥生子、謝　憲文、小池　聡、李　秀澈、礒井　俊行、高山　博好、林　義明、多田　眞一、市村　一雄","毎回の講義終了後にレポート提出を課し，この成績結果(40％)と平常点(60％)により総合的評価を行う。なお，授業回数の3分の１以上欠席した場合は欠格とする。毎回提出のレポートは，講義内容が十分に理解・把握されているかどうかをみる．"
農,"生物資源","農学特別講義２","大浦　健、小平　均、辻井　崇起、齋藤　弥生子、謝　憲文、小池　聡、李　秀澈、礒井　俊行、高山　博好、林　義明、多田　眞一、市村　一雄","毎回の講義終了後にレポート提出を課し，この成績結果(40％)と平常点(60％)により総合的評価を行う。なお，授業回数の3分の１以上欠席した場合は欠格とする。毎回提出のレポートは，講義内容が十分に理解・把握されているかどうかをみる．"
農,"生物資源","英語初級２【英文法重点クラス】","鬼頭　修","クラスワークや宿題・課題などを十分にこなしたうえで、試験結果を中心として、主として英語力に向上が見られたかどうかによって、総合的に判断する（成績評価の配分は、クラスワーク30%、試験70%とする）。
【注意】本科目の単位を取得するためには、WebClassの「農学英語2017（1年）」において、「農学英単Level 2」のテストプログラムを受験し、指定期日までに必ず合格点に達していなければならない。なお、合格点に達していない場合は、欠格として処理する。"
農,"生物環境科","英語初級２【英文法重点クラス】","鬼頭　修","クラスワークや宿題・課題などを十分にこなしたうえで、試験結果を中心として、主として英語力に向上が見られたかどうかによって、総合的に判断する（成績評価の配分は、クラスワーク30%、試験70%とする）。
【注意】本科目の単位を取得するためには、WebClassの「農学英語2017（1年）」において、「農学英単Level 2」のテストプログラムを受験し、指定期日までに必ず合格点に達していなければならない。なお、合格点に達していない場合は、欠格として処理する。"
農,"応用生物化","英語初級２【英文法重点クラス】","鬼頭　修","クラスワークや宿題・課題などを十分にこなしたうえで、試験結果を中心として、主として英語力に向上が見られたかどうかによって、総合的に判断する（成績評価の配分は、クラスワーク30%、試験70%とする）。
【注意】本科目の単位を取得するためには、WebClassの「農学英語2017（1年）」において、「農学英単Level 2」のテストプログラムを受験し、指定期日までに必ず合格点に達していなければならない。なお、合格点に達していない場合は、欠格として処理する。"
農,"生物資源","生物資源学実験","津呂　正人、森上　敦、鈴木　茂敏、寺田　理枝、道山　弘康、鈴木　康生、上船　雅義、山岸　健三、塚越　啓央、荒川　征夫、平野　達也","レポート：80点、実験の実施態度：20点
なお、実験の欠席・遅刻は原則として一切認めないので、正当な理由なく欠席・遅刻をした場合には欠格となる。"
農,"生物資源","生物資源学実験","津呂　正人、森上　敦、鈴木　茂敏、寺田　理枝、道山　弘康、鈴木　康生、上船　雅義、山岸　健三、塚越　啓央、荒川　征夫、平野　達也","レポート：80点、実験の実施態度：20点
なお、実験の欠席・遅刻は原則として一切認めないので、正当な理由なく欠席・遅刻をした場合には欠格となる。"
農,"生物資源","農場実習１","中尾　義則、森田　隆史、林　義明、森田　裕将、片山　好春","実習目的、方法及び対象動植物の特性等を理解しているか、その理解に基づいて適正にかつ意欲的に作業しているか、観察は十分か等を評価する（70点）とともに、毎回課しているレポートの内容（30点）を考慮して評価する。"
農,"生物資源","食用作物学１","平野　達也","定期試験を100点満点として評価する。"
農,"生物資源","花き園芸学","津呂　正人","定期試験(80％)と小テスト(20％)。"
農,"生物環境科","英会話初級１【再】","鬼頭　修","クラスワークや宿題・課題などを十分にこなしたうえで、試験結果を中心として、主として英語力に向上が見られたかどうかによって、総合的に判断する（成績評価の配分は、クラスワーク30%、試験70%とする）。
【注意】本科目の単位を取得するためには、クラスワーク等に加えて、TOEICまたはTOEIC-IPを自ら受験し、500点程度のスコアシートのコピーを提出する必要がある。なお、締め切りは最終授業日までとし、コピーの提出がない場合は欠格として処理する。"
農,"生物資源","英会話初級１【再】","鬼頭　修","クラスワークや宿題・課題などを十分にこなしたうえで、試験結果を中心として、主として英語力に向上が見られたかどうかによって、総合的に判断する（成績評価の配分は、クラスワーク30%、試験70%とする）。
【注意】本科目の単位を取得するためには、クラスワーク等に加えて、TOEICまたはTOEIC-IPを自ら受験し、500点程度のスコアシートのコピーを提出する必要がある。なお、締め切りは最終授業日までとし、コピーの提出がない場合は欠格として処理する。"
農,"応用生物化","英会話初級１【再】","鬼頭　修","クラスワークや宿題・課題などを十分にこなしたうえで、試験結果を中心として、主として英語力に向上が見られたかどうかによって、総合的に判断する（成績評価の配分は、クラスワーク30%、試験70%とする）。
【注意】本科目の単位を取得するためには、クラスワーク等に加えて、TOEICまたはTOEIC-IPを自ら受験し、500点程度のスコアシートのコピーを提出する必要がある。なお、締め切りは最終授業日までとし、コピーの提出がない場合は欠格として処理する。"
農,"生物資源","英会話中級１【再】","鬼頭　修","クラスワークや宿題・課題などを十分にこなしたうえで、試験結果を中心として、主として英語力に向上が見られたかどうかによって、総合的に判断する（成績評価の配分は、クラスワーク30%、試験70%とする）。
【注意】本科目の単位を取得するためには、クラスワーク等に加えて、TOEICまたはTOEIC-IPを自ら受験し、500点程度のスコアシートのコピーを提出する必要がある。なお、締め切りは最終授業日までとし、コピーの提出がない場合は欠格として処理する。"
農,"生物環境科","英会話中級１【再】","鬼頭　修","クラスワークや宿題・課題などを十分にこなしたうえで、試験結果を中心として、主として英語力に向上が見られたかどうかによって、総合的に判断する（成績評価の配分は、クラスワーク30%、試験70%とする）。
【注意】本科目の単位を取得するためには、クラスワーク等に加えて、TOEICまたはTOEIC-IPを自ら受験し、500点程度のスコアシートのコピーを提出する必要がある。なお、締め切りは最終授業日までとし、コピーの提出がない場合は欠格として処理する。"
農,"応用生物化","英会話中級１【再】","鬼頭　修","クラスワークや宿題・課題などを十分にこなしたうえで、試験結果を中心として、主として英語力に向上が見られたかどうかによって、総合的に判断する（成績評価の配分は、クラスワーク30%、試験70%とする）。
【注意】本科目の単位を取得するためには、クラスワーク等に加えて、TOEICまたはTOEIC-IPを自ら受験し、500点程度のスコアシートのコピーを提出する必要がある。なお、締め切りは最終授業日までとし、コピーの提出がない場合は欠格として処理する。"
農,"応用生物化","英会話上級１【再】","鬼頭　修","クラスワークや宿題・課題などを十分にこなしたうえで、試験結果を中心として、主として英語力に向上が見られたかどうかによって、総合的に判断する（成績評価の配分は、クラスワーク30%、試験70%とする）。
【注意】本科目の単位を取得するためには、クラスワーク等に加えて、TOEICまたはTOEIC-IPを自ら受験し、500点程度のスコアシートのコピーを提出する必要がある。なお、締め切りは最終授業日までとし、コピーの提出がない場合は欠格として処理する。"
農,"生物資源","英会話上級１【再】","鬼頭　修","クラスワークや宿題・課題などを十分にこなしたうえで、試験結果を中心として、主として英語力に向上が見られたかどうかによって、総合的に判断する（成績評価の配分は、クラスワーク30%、試験70%とする）。
【注意】本科目の単位を取得するためには、クラスワーク等に加えて、TOEICまたはTOEIC-IPを自ら受験し、500点程度のスコアシートのコピーを提出する必要がある。なお、締め切りは最終授業日までとし、コピーの提出がない場合は欠格として処理する。"
農,"生物環境科","英会話上級１【再】","鬼頭　修","クラスワークや宿題・課題などを十分にこなしたうえで、試験結果を中心として、主として英語力に向上が見られたかどうかによって、総合的に判断する（成績評価の配分は、クラスワーク30%、試験70%とする）。
【注意】本科目の単位を取得するためには、クラスワーク等に加えて、TOEICまたはTOEIC-IPを自ら受験し、500点程度のスコアシートのコピーを提出する必要がある。なお、締め切りは最終授業日までとし、コピーの提出がない場合は欠格として処理する。"
農,"生物環境科","英会話初級３【再】","BROOKS William","Mid-term test: 25%: Final test: 25%;  Presentations 30%; Homework, effort, participation, attitude: 20%"
農,"応用生物化","英会話初級３【再】","BROOKS William","Mid-term test: 25%: Final test: 25%;  Presentations 30%; Homework, effort, participation, attitude: 20%"
農,"生物資源","英会話初級３【再】","BROOKS William","Mid-term test: 25%: Final test: 25%;  Presentations 30%; Homework, effort, participation, attitude: 20%"
農,"生物環境科","英会話中級３【再】","BROOKS William","Mid-term test: 25%: Final test: 25%;  Presentations 30%; Homework, effort, participation, attitude: 20%"
農,"応用生物化","英会話中級３【再】","BROOKS William","Mid-term test: 25%: Final test: 25%;  Presentations 30%; Homework, effort, participation, attitude: 20%"
農,"生物資源","英会話中級３【再】","BROOKS William","Mid-term test: 25%: Final test: 25%;  Presentations 30%; Homework, effort, participation, attitude: 20%"
農,"生物資源","英会話上級３【再】","BROOKS William","Mid-term test: 25%: Final test: 25%;  Presentations 30%; Homework, effort, participation, attitude: 20%"
農,"生物環境科","英会話上級３【再】","BROOKS William","Mid-term test: 25%: Final test: 25%;  Presentations 30%; Homework, effort, participation, attitude: 20%"
農,"応用生物化","英会話上級３【再】","BROOKS William","Mid-term test: 25%: Final test: 25%;  Presentations 30%; Homework, effort, participation, attitude: 20%"
農,"生物資源","植物生理学","鈴木　茂敏","授業で学んだ基礎理論に基づいて、植物の示す現象について説明を求める課題が与えられる。定期試験100％。出席状況を考慮する場合もある。"
農,"生物資源","生物生産経営学","磯前　秀二","小テスト・レポート・学習態度(20%)，試験(80%).
受験資格は2/3以上の出席．"
農,"生物環境科","キャリアデザイン学","木岡　一明","受講開始直後レポート、受講終了レポート試験、及び毎回の講義終了時の振り返りレポートによる総合点（受講開始直後レポート10％、受講終了レポート80％、振り返りレポート10％）。
全授業数の２／３以上の出席がない場合は、欠格。"
農,"生物資源","キャリアデザイン学","木岡　一明","受講開始直後レポート、受講終了レポート試験、及び毎回の講義終了時の振り返りレポートによる総合点（受講開始直後レポート10％、受講終了レポート80％、振り返りレポート10％）。
全授業数の２／３以上の出席がない場合は、欠格。"
農,"応用生物化","キャリアデザイン学","木岡　一明","受講開始直後レポート、受講終了レポート試験、及び毎回の講義終了時の振り返りレポートによる総合点（受講開始直後レポート10％、受講終了レポート80％、振り返りレポート10％）。
全授業数の２／３以上の出席がない場合は、欠格。"
農,"応用生物化","情報機器の操作３","丹羽　直美","講義時の提出物・講義中に出題する課題で評価する
正当な理由のない欠席は1回でも欠格とする。正当な理由のない遅刻は2回目で欠格とする"
農,"生物資源","情報機器の操作３","丹羽　直美","講義時の提出物・講義中に出題する課題で評価する
正当な理由のない欠席は1回でも欠格とする。正当な理由のない遅刻は2回目で欠格とする"
農,"生物環境科","情報機器の操作３","丹羽　直美","講義時の提出物・講義中に出題する課題で評価する
正当な理由のない欠席は1回でも欠格とする。正当な理由のない遅刻は2回目で欠格とする"
農,"生物資源","英語初級３【再】","安原　和也","クラスワークや宿題・課題などを十分にこなしたうえで、試験結果を中心として、主として英語力に向上が見られたかどうかによって、総合的に判断する（成績評価の配分は、クラスワーク30%、試験70%とする）。"
農,"応用生物化","英語初級３【再】","安原　和也","クラスワークや宿題・課題などを十分にこなしたうえで、試験結果を中心として、主として英語力に向上が見られたかどうかによって、総合的に判断する（成績評価の配分は、クラスワーク30%、試験70%とする）。"
農,"生物環境科","英語初級３【再】","安原　和也","クラスワークや宿題・課題などを十分にこなしたうえで、試験結果を中心として、主として英語力に向上が見られたかどうかによって、総合的に判断する（成績評価の配分は、クラスワーク30%、試験70%とする）。"
農,"生物環境科","英語中級３【再】","安原　和也","クラスワークや宿題・課題などを十分にこなしたうえで、試験結果を中心として、主として英語力に向上が見られたかどうかによって、総合的に判断する（成績評価の配分は、クラスワーク30%、試験70%とする）。"
農,"応用生物化","英語中級３【再】","安原　和也","クラスワークや宿題・課題などを十分にこなしたうえで、試験結果を中心として、主として英語力に向上が見られたかどうかによって、総合的に判断する（成績評価の配分は、クラスワーク30%、試験70%とする）。"
農,"生物資源","英語中級３【再】","安原　和也","クラスワークや宿題・課題などを十分にこなしたうえで、試験結果を中心として、主として英語力に向上が見られたかどうかによって、総合的に判断する（成績評価の配分は、クラスワーク30%、試験70%とする）。"
農,"生物環境科","英語上級３【再】","安原　和也","クラスワークや宿題・課題などを十分にこなしたうえで、試験結果を中心として、主として英語力に向上が見られたかどうかによって、総合的に判断する（成績評価の配分は、クラスワーク30%、試験70%とする）。"
農,"応用生物化","英語上級３【再】","安原　和也","クラスワークや宿題・課題などを十分にこなしたうえで、試験結果を中心として、主として英語力に向上が見られたかどうかによって、総合的に判断する（成績評価の配分は、クラスワーク30%、試験70%とする）。"
農,"生物資源","英語上級３【再】","安原　和也","クラスワークや宿題・課題などを十分にこなしたうえで、試験結果を中心として、主として英語力に向上が見られたかどうかによって、総合的に判断する（成績評価の配分は、クラスワーク30%、試験70%とする）。"
農,"応用生物化","健康・スポーツ科学３","山口　清、塩見　哲大、安藤　健太郎","授業に取り組む姿勢や態度85％、体力の向上や技術の達成度15％とする。"
農,"生物資源","健康・スポーツ科学３","山口　清、塩見　哲大、安藤　健太郎","授業に取り組む姿勢や態度85％、体力の向上や技術の達成度15％とする。"
農,"生物資源","英語初級３","加藤　佳子","クラスワークや宿題・課題などを十分にこなしたうえで、試験結果を中心として、主として英語力に向上が見られたかどうかによって、総合的に判断する（成績評価の配分は、クラスワーク20%、試験80%とする）。
【注意】本科目の単位を取得するためには、WebClassの「農学英語2017（2年）」において、「農学英単Level 3」のテストプログラムを受験し、指定期日までに必ず合格点に達していなければならない。なお、合格点に達していない場合は、欠格として処理する。"
農,"生物資源","英会話中級３","BARNES TIMOTHY J","平常点（クラス参加，グループ作業）３０％　授業発表　２０％　クイズ（テスト）３０％　宿題／レポート　２０％"
農,"生物資源","英語上級３","平石　順久","クラスワークや宿題・課題などを十分にこなしたうえで、試験結果を中心として、主として英語力に向上が見られたかどうかによって、総合的に判断する（成績評価の配分は、クラスワーク20%、試験80%とする）。
【注意】本科目の単位を取得するためには、WebClassの「農学英語2017（2年）」において、「農学英単Level 3」のテストプログラムを受験し、指定期日までに必ず合格点に達していなければならない。なお、合格点に達していない場合は、欠格として処理する。"
農,"生物資源","英会話初級３","BAILEY Mark","Speaking test: _20___%   Participation:__15__%
Report: _25___%    Mini-tests: _20__%       End of Semester Test: __20__%"
農,"生物資源","英語中級３","服部　茂","クラスワークや宿題・課題などを十分にこなしたうえで、試験結果を中心として、主として英語力に向上が見られたかどうかによって、総合的に判断する（成績評価の配分は、クラスワーク20%、試験80%とする）。
【注意】本科目の単位を取得するためには、WebClassの「農学英語2017（2年）」において、「農学英単Level 3」のテストプログラムを受験し、指定期日までに必ず合格点に達していなければならない。なお、合格点に達していない場合は、欠格として処理する。"
農,"生物資源","英会話上級３","BROOKS William","Mid-term test: 25%: Final test: 25%;  Presentations 30%; Homework, effort, participation, attitude: 20%"
農,"生物資源","生物資源統計学","上船　雅義","学んだ統計解析の手法を学生自身のスキルにするため，頻繁にレポート課題を出し統計解析を実践して行く．また，統計解析おいてデータの質と分布に合った手法を選択する必要がある．そこで，試験では，統計解析の基礎知識だけでなく，データの特徴やそのデータに合った統計解析手法の選択を回答してもらう．また，提示された実験結果から統計解析で得られた結果の説明と結果の考察を試験で記述してもらい，評価する．成績の評価は，レポート20％，定期試験80％で行う．出席は加点要素とはしないが，講義回数の3分の2以上の出席に満たない場合は欠格とする．"
農,"生物資源","基礎昆虫学","山岸　健三","定期試験100％：定期試験は小論文形式で，講義内容の理解度と，前後の話題を有機的に関連づけて理解できているかを問う．試験の合格率は意外と低いのですが，講義後の復習を十分に行い，前後の講義と関連付けて理解するよう努めてください．"
農,"生物資源","生命科学の技術","荒川　征夫、平野　達也、鈴木　茂敏、道山　弘康、寺田　理枝、上船　雅義、鈴木　康生、塚越　啓央、津呂　正人、森上　敦","定期試験を100点満点として評価する．"
農,"生物資源","遺伝学","寺田　理枝","試験の成績(80%).講義内容の理解度を確認する小テスト(20%)を行う.授業回数の2/3以上の出席に満たない場合は欠格とする."
農,"応用生物化","英語初級１【再】","鬼頭　修","クラスワークや宿題・課題などを十分にこなしたうえで、試験結果を中心として、主として英語力に向上が見られたかどうかによって、総合的に判断する（成績評価の配分は、クラスワーク30%、試験70%とする）。"
農,"生物環境科","英語初級１【再】","鬼頭　修","クラスワークや宿題・課題などを十分にこなしたうえで、試験結果を中心として、主として英語力に向上が見られたかどうかによって、総合的に判断する（成績評価の配分は、クラスワーク30%、試験70%とする）。"
農,"生物資源","英語初級１【再】","鬼頭　修","クラスワークや宿題・課題などを十分にこなしたうえで、試験結果を中心として、主として英語力に向上が見られたかどうかによって、総合的に判断する（成績評価の配分は、クラスワーク30%、試験70%とする）。"
農,"生物環境科","英語中級１【再】","鬼頭　修","クラスワークや宿題・課題などを十分にこなしたうえで、試験結果を中心として、主として英語力に向上が見られたかどうかによって、総合的に判断する（成績評価の配分は、クラスワーク30%、試験70%とする）。"
農,"応用生物化","英語中級１【再】","鬼頭　修","クラスワークや宿題・課題などを十分にこなしたうえで、試験結果を中心として、主として英語力に向上が見られたかどうかによって、総合的に判断する（成績評価の配分は、クラスワーク30%、試験70%とする）。"
農,"生物資源","英語中級１【再】","鬼頭　修","クラスワークや宿題・課題などを十分にこなしたうえで、試験結果を中心として、主として英語力に向上が見られたかどうかによって、総合的に判断する（成績評価の配分は、クラスワーク30%、試験70%とする）。"
農,"生物資源","英語上級１【再】","鬼頭　修","クラスワークや宿題・課題などを十分にこなしたうえで、試験結果を中心として、主として英語力に向上が見られたかどうかによって、総合的に判断する（成績評価の配分は、クラスワーク30%、試験70%とする）。"
農,"応用生物化","英語上級１【再】","鬼頭　修","クラスワークや宿題・課題などを十分にこなしたうえで、試験結果を中心として、主として英語力に向上が見られたかどうかによって、総合的に判断する（成績評価の配分は、クラスワーク30%、試験70%とする）。"
農,"生物環境科","英語上級１【再】","鬼頭　修","クラスワークや宿題・課題などを十分にこなしたうえで、試験結果を中心として、主として英語力に向上が見られたかどうかによって、総合的に判断する（成績評価の配分は、クラスワーク30%、試験70%とする）。"
農,"生物資源","農場実習２","中尾　義則、森田　隆史、林　義明、森田　裕将、片山　好春","実習目的、方法及び対象動植物、家畜の特性等を理解しているか、その理解に基づいて適正かつ意欲的にに作業しているか、観察は十分か等を評価する（70点）とともに、毎回課しているレポートの内容を考慮（30点）して評価する。"
農,"生物資源","細胞生物学","塚越　啓央","定期試験100%で評価する。
出席は加点要素とはしないが、授業回数の3分の２以上の出席に満たない場合は欠格とする。"
農,"生物資源","生物化学２","平野　達也","定期テストの点数を100点満点として評価する．"
農,"生物環境科","英会話初級２【再】","鬼頭　修","クラスワークや宿題・課題などを十分にこなしたうえで、試験結果を中心として、主として英語力に向上が見られたかどうかによって、総合的に判断する（成績評価の配分は、クラスワーク30%、試験70%とする）。
【注意】本科目の単位を取得するためには、クラスワーク等に加えて、TOEICまたはTOEIC-IPを自ら受験し、500点程度のスコアシートのコピーを提出する必要がある。なお、締め切りは最終授業日までとし、コピーの提出がない場合は欠格として処理する。"
農,"応用生物化","英会話初級２【再】","鬼頭　修","クラスワークや宿題・課題などを十分にこなしたうえで、試験結果を中心として、主として英語力に向上が見られたかどうかによって、総合的に判断する（成績評価の配分は、クラスワーク30%、試験70%とする）。
【注意】本科目の単位を取得するためには、クラスワーク等に加えて、TOEICまたはTOEIC-IPを自ら受験し、500点程度のスコアシートのコピーを提出する必要がある。なお、締め切りは最終授業日までとし、コピーの提出がない場合は欠格として処理する。"
農,"生物資源","英会話初級２【再】","鬼頭　修","クラスワークや宿題・課題などを十分にこなしたうえで、試験結果を中心として、主として英語力に向上が見られたかどうかによって、総合的に判断する（成績評価の配分は、クラスワーク30%、試験70%とする）。
【注意】本科目の単位を取得するためには、クラスワーク等に加えて、TOEICまたはTOEIC-IPを自ら受験し、500点程度のスコアシートのコピーを提出する必要がある。なお、締め切りは最終授業日までとし、コピーの提出がない場合は欠格として処理する。"
農,"生物環境科","英会話中級２【再】","鬼頭　修","クラスワークや宿題・課題などを十分にこなしたうえで、試験結果を中心として、主として英語力に向上が見られたかどうかによって、総合的に判断する（成績評価の配分は、クラスワーク30%、試験70%とする）。
【注意】本科目の単位を取得するためには、クラスワーク等に加えて、TOEICまたはTOEIC-IPを自ら受験し、500点程度のスコアシートのコピーを提出する必要がある。なお、締め切りは最終授業日までとし、コピーの提出がない場合は欠格として処理する。"
農,"応用生物化","英会話中級２【再】","鬼頭　修","クラスワークや宿題・課題などを十分にこなしたうえで、試験結果を中心として、主として英語力に向上が見られたかどうかによって、総合的に判断する（成績評価の配分は、クラスワーク30%、試験70%とする）。
【注意】本科目の単位を取得するためには、クラスワーク等に加えて、TOEICまたはTOEIC-IPを自ら受験し、500点程度のスコアシートのコピーを提出する必要がある。なお、締め切りは最終授業日までとし、コピーの提出がない場合は欠格として処理する。"
農,"生物資源","英会話中級２【再】","鬼頭　修","クラスワークや宿題・課題などを十分にこなしたうえで、試験結果を中心として、主として英語力に向上が見られたかどうかによって、総合的に判断する（成績評価の配分は、クラスワーク30%、試験70%とする）。
【注意】本科目の単位を取得するためには、クラスワーク等に加えて、TOEICまたはTOEIC-IPを自ら受験し、500点程度のスコアシートのコピーを提出する必要がある。なお、締め切りは最終授業日までとし、コピーの提出がない場合は欠格として処理する。"
農,"応用生物化","英会話上級２【再】","鬼頭　修","クラスワークや宿題・課題などを十分にこなしたうえで、試験結果を中心として、主として英語力に向上が見られたかどうかによって、総合的に判断する（成績評価の配分は、クラスワーク30%、試験70%とする）。
【注意】本科目の単位を取得するためには、クラスワーク等に加えて、TOEICまたはTOEIC-IPを自ら受験し、500点程度のスコアシートのコピーを提出する必要がある。なお、締め切りは最終授業日までとし、コピーの提出がない場合は欠格として処理する。"
農,"生物環境科","英会話上級２【再】","鬼頭　修","クラスワークや宿題・課題などを十分にこなしたうえで、試験結果を中心として、主として英語力に向上が見られたかどうかによって、総合的に判断する（成績評価の配分は、クラスワーク30%、試験70%とする）。
【注意】本科目の単位を取得するためには、クラスワーク等に加えて、TOEICまたはTOEIC-IPを自ら受験し、500点程度のスコアシートのコピーを提出する必要がある。なお、締め切りは最終授業日までとし、コピーの提出がない場合は欠格として処理する。"
農,"生物資源","英会話上級２【再】","鬼頭　修","クラスワークや宿題・課題などを十分にこなしたうえで、試験結果を中心として、主として英語力に向上が見られたかどうかによって、総合的に判断する（成績評価の配分は、クラスワーク30%、試験70%とする）。
【注意】本科目の単位を取得するためには、クラスワーク等に加えて、TOEICまたはTOEIC-IPを自ら受験し、500点程度のスコアシートのコピーを提出する必要がある。なお、締め切りは最終授業日までとし、コピーの提出がない場合は欠格として処理する。"
農,"生物資源","英会話初級４【再】","BROOKS William","Mid-term test: 25%: Final test: 25%;  Presentations 30%; Homework, effort, participation, attitude: 20%"
農,"応用生物化","英会話初級４【再】","BROOKS William","Mid-term test: 25%: Final test: 25%;  Presentations 30%; Homework, effort, participation, attitude: 20%"
農,"生物環境科","英会話初級４【再】","BROOKS William","Mid-term test: 25%: Final test: 25%;  Presentations 30%; Homework, effort, participation, attitude: 20%"
農,"生物環境科","英会話中級４【再】","BROOKS William","Mid-term test: 25%: Final test: 25%;  Presentations 30%; Homework, effort, participation, attitude: 20%"
農,"応用生物化","英会話中級４【再】","BROOKS William","Mid-term test: 25%: Final test: 25%;  Presentations 30%; Homework, effort, participation, attitude: 20%"
農,"生物資源","英会話中級４【再】","BROOKS William","Mid-term test: 25%: Final test: 25%;  Presentations 30%; Homework, effort, participation, attitude: 20%"
農,"生物環境科","英会話上級４【再】","BROOKS William","Mid-term test: 25%: Final test: 25%;  Presentations 30%; Homework, effort, participation, attitude: 20%"
農,"応用生物化","英会話上級４【再】","BROOKS William","Mid-term test: 25%: Final test: 25%;  Presentations 30%; Homework, effort, participation, attitude: 20%"
農,"生物資源","英会話上級４【再】","BROOKS William","Mid-term test: 25%: Final test: 25%;  Presentations 30%; Homework, effort, participation, attitude: 20%"
農,"生物資源","果樹園芸学","鈴木　康生","試験100%。"
農,"生物資源","植物病理学","荒川　征夫","出席日数が授業日数の3分の2を超えていることを原則とし、試験の点数を100％として評価する。授業開始後20分以降の入室は遅刻とし、2回の遅刻を1回欠席として加算する。出席記録がありながら教室に不在が発覚した場合は、3回欠席とする。"
農,"応用生物化","英語初級４【再】","安原　和也","クラスワークや宿題・課題などを十分にこなしたうえで、試験結果を中心として、主として英語力に向上が見られたかどうかによって、総合的に判断する（成績評価の配分は、クラスワーク30%、試験70%とする）。"
農,"生物環境科","英語初級４【再】","安原　和也","クラスワークや宿題・課題などを十分にこなしたうえで、試験結果を中心として、主として英語力に向上が見られたかどうかによって、総合的に判断する（成績評価の配分は、クラスワーク30%、試験70%とする）。"
農,"生物資源","英語初級４【再】","安原　和也","クラスワークや宿題・課題などを十分にこなしたうえで、試験結果を中心として、主として英語力に向上が見られたかどうかによって、総合的に判断する（成績評価の配分は、クラスワーク30%、試験70%とする）。"
農,"応用生物化","英語中級４【再】","安原　和也","クラスワークや宿題・課題などを十分にこなしたうえで、試験結果を中心として、主として英語力に向上が見られたかどうかによって、総合的に判断する（成績評価の配分は、クラスワーク30%、試験70%とする）。"
農,"生物環境科","英語中級４【再】","安原　和也","クラスワークや宿題・課題などを十分にこなしたうえで、試験結果を中心として、主として英語力に向上が見られたかどうかによって、総合的に判断する（成績評価の配分は、クラスワーク30%、試験70%とする）。"
農,"生物資源","英語中級４【再】","安原　和也","クラスワークや宿題・課題などを十分にこなしたうえで、試験結果を中心として、主として英語力に向上が見られたかどうかによって、総合的に判断する（成績評価の配分は、クラスワーク30%、試験70%とする）。"
農,"応用生物化","英語上級４【再】","安原　和也","クラスワークや宿題・課題などを十分にこなしたうえで、試験結果を中心として、主として英語力に向上が見られたかどうかによって、総合的に判断する（成績評価の配分は、クラスワーク30%、試験70%とする）。"
農,"生物環境科","英語上級４【再】","安原　和也","クラスワークや宿題・課題などを十分にこなしたうえで、試験結果を中心として、主として英語力に向上が見られたかどうかによって、総合的に判断する（成績評価の配分は、クラスワーク30%、試験70%とする）。"
農,"生物資源","英語上級４【再】","安原　和也","クラスワークや宿題・課題などを十分にこなしたうえで、試験結果を中心として、主として英語力に向上が見られたかどうかによって、総合的に判断する（成績評価の配分は、クラスワーク30%、試験70%とする）。"
農,"生物資源","健康・スポーツ科学４","山口　清、塩見　哲大、安藤　健太郎","健康・スポーツ科学4は実技と理論（試験）を6対4とする。実技は授業に取り組む姿勢や態度80％、体力の向上や技術の達成度20％とする。理論は試験が80％、平常点20％とする。"
農,"応用生物化","健康・スポーツ科学４","山口　清、塩見　哲大、安藤　健太郎","健康・スポーツ科学4は実技と理論（試験）を6対4とする。実技は授業に取り組む姿勢や態度80％、体力の向上や技術の達成度20％とする。理論は試験が80％、平常点20％とする。"
農,"生物資源","英語初級４","加藤　佳子","クラスワークや宿題・課題などを十分にこなしたうえで、試験結果を中心として、主として英語力に向上が見られたかどうかによって、総合的に判断する（成績評価の配分は、クラスワーク20%、試験80%とする）。
【注意】本科目の単位を取得するためには、WebClassの「農学英語2017（2年）」において、「農学英単Level 4」のテストプログラムを受験し、指定期日までに必ず合格点に達していなければならない。なお、合格点に達していない場合は、欠格として処理する。"
農,"生物資源","英会話中級４","BARNES TIMOTHY J","平常点（クラス参加，グループ作業）３０％　授業発表　２０％　クイズ（テスト）３０％　宿題／レポート　２０％"
農,"生物資源","英語上級４","平石　順久","クラスワークや宿題・課題などを十分にこなしたうえで、試験結果を中心として、主として英語力に向上が見られたかどうかによって、総合的に判断する（成績評価の配分は、クラスワーク20%、試験80%とする）。
【注意】本科目の単位を取得するためには、WebClassの「農学英語2017（2年）」において、「農学英単Level 4」のテストプログラムを受験し、指定期日までに必ず合格点に達していなければならない。なお、合格点に達していない場合は、欠格として処理する。"
農,"生物資源","英会話初級４","BAILEY Mark","Speaking test: _20___%   Participation:__15__%
Report: _25___%    Mini-tests: _20__%       End of Semester Test: __20__%"
農,"生物資源","英語中級４","服部　茂","クラスワークや宿題・課題などを十分にこなしたうえで、試験結果を中心として、主として英語力に向上が見られたかどうかによって、総合的に判断する（成績評価の配分は、クラスワーク20%、試験80%とする）。
【注意】本科目の単位を取得するためには、WebClassの「農学英語2017（2年）」において、「農学英単Level 4」のテストプログラムを受験し、指定期日までに必ず合格点に達していなければならない。なお、合格点に達していない場合は、欠格として処理する。"
農,"生物資源","英会話上級４","BROOKS William","Mid-term test: 25%: Final test: 25%;  Presentations 30%; Homework, effort, participation, attitude: 20%"
農,"生物資源","情報科学","満留　みちる","単元別課題（４回、授業中に出します）-20%、総合課題（１回、最終講義日に出します）-80%で評価します。　"
農,"応用生物化","フィールド生産技術論","中尾　義則、森田　隆史、森田　裕将、林　義明","小テスト・レポート等により平常点を20点とし、試験の成績を80点とする。"
農,"生物環境科","フィールド生産技術論","中尾　義則、森田　隆史、森田　裕将、林　義明","小テスト・レポート等により平常点を20点とし、試験の成績を80点とする。"
農,"生物資源","フィールド生産技術論","中尾　義則、森田　隆史、森田　裕将、林　義明","小テスト・レポート等により平常点を20点とし、試験の成績を80点とする。"
農,"生物資源","野菜園芸学","鈴木　茂敏","野菜の示す現象や栽培技術を基礎的理論に基づいて説明を求める課題を出す。定期試験100％．出席状況を考慮する場合もある。"
農,"生物資源","応用昆虫学","上船　雅義","定期試験において筆記試験によって100％評価する．重要な害虫や天敵昆虫を説明できるか評価するために，種類や特徴，事例にあった害虫または天敵昆虫を試験において答えてもらう．総合的害虫管理の知識，天敵昆虫を害虫防除へ有効に利用するための知識，人と昆虫の関わり合いの知識が身についているか評価するために，それぞれの分野に関する問題を試験で出題し，解答してもらう．出席は加点要素とはしないが，講義回数の3分の2以上の出席に満たない場合は欠格とする．"
農,"生物資源","育種学","寺田　理枝","試験の成績(90%).講義内容の理解度を確認する小テスト(10%)を行う. 授業回数の2/3以上の出席に満たない場合は欠格とする."
農,"生物資源","職業指導論","塚本　昭彦","・定期試験６０％：講義内容の基礎的事項40％、応用事項20％
・課題（予習）・まとめ（復習）レポート２０％：課題（予習）レポート10％、まとめ（復習）レポート10％
・授業への参加意欲２０％：発言と質問頻度10％、授業態度と姿勢10％　以上を基準とし、総合して評価する。出席は加点要素とはしないが、授業回数の3分の2以上の出席に満たない場合は欠格とする。"
農,"生物環境科","職業指導論","塚本　昭彦","・定期試験６０％：講義内容の基礎的事項40％、応用事項20％
・課題（予習）・まとめ（復習）レポート２０％：課題（予習）レポート10％、まとめ（復習）レポート10％
・授業への参加意欲２０％：発言と質問頻度10％、授業態度と姿勢10％　以上を基準とし、総合して評価する。出席は加点要素とはしないが、授業回数の3分の2以上の出席に満たない場合は欠格とする。"
農,"応用生物化","職業指導論","塚本　昭彦","・定期試験６０％：講義内容の基礎的事項40％、応用事項20％
・課題（予習）・まとめ（復習）レポート２０％：課題（予習）レポート10％、まとめ（復習）レポート10％
・授業への参加意欲２０％：発言と質問頻度10％、授業態度と姿勢10％　以上を基準とし、総合して評価する。出席は加点要素とはしないが、授業回数の3分の2以上の出席に満たない場合は欠格とする。"
農,"生物環境科","職業指導論１","塚本　昭彦","・定期試験６０％：講義内容の基礎的事項40％、応用事項20％
・課題（予習）・まとめ（復習）レポート２０％：課題（予習）レポート10％、まとめ（復習）レポート10％
・授業への参加意欲２０％：発言と質問頻度10％、授業態度と姿勢10％　以上を基準とし、総合して評価する。出席は加点要素とはしないが、授業回数の3分の2以上の出席に満たない場合は欠格とする。"
農,"応用生物化","職業指導論１","塚本　昭彦","・定期試験６０％：講義内容の基礎的事項40％、応用事項20％
・課題（予習）・まとめ（復習）レポート２０％：課題（予習）レポート10％、まとめ（復習）レポート10％
・授業への参加意欲２０％：発言と質問頻度10％、授業態度と姿勢10％　以上を基準とし、総合して評価する。出席は加点要素とはしないが、授業回数の3分の2以上の出席に満たない場合は欠格とする。"
農,"生物資源","職業指導論１","塚本　昭彦","・定期試験６０％：講義内容の基礎的事項40％、応用事項20％
・課題（予習）・まとめ（復習）レポート２０％：課題（予習）レポート10％、まとめ（復習）レポート10％
・授業への参加意欲２０％：発言と質問頻度10％、授業態度と姿勢10％　以上を基準とし、総合して評価する。出席は加点要素とはしないが、授業回数の3分の2以上の出席に満たない場合は欠格とする。"
農,"生物環境科","英語初級２【再】","鬼頭　修","クラスワークや宿題・課題などを十分にこなしたうえで、試験結果を中心として、主として英語力に向上が見られたかどうかによって、総合的に判断する（成績評価の配分は、クラスワーク30%、試験70%とする）。"
農,"生物資源","英語初級２【再】","鬼頭　修","クラスワークや宿題・課題などを十分にこなしたうえで、試験結果を中心として、主として英語力に向上が見られたかどうかによって、総合的に判断する（成績評価の配分は、クラスワーク30%、試験70%とする）。"
農,"応用生物化","英語初級２【再】","鬼頭　修","クラスワークや宿題・課題などを十分にこなしたうえで、試験結果を中心として、主として英語力に向上が見られたかどうかによって、総合的に判断する（成績評価の配分は、クラスワーク30%、試験70%とする）。"
農,"生物資源","英語中級２【再】","鬼頭　修","クラスワークや宿題・課題などを十分にこなしたうえで、試験結果を中心として、主として英語力に向上が見られたかどうかによって、総合的に判断する（成績評価の配分は、クラスワーク30%、試験70%とする）。"
農,"生物環境科","英語中級２【再】","鬼頭　修","クラスワークや宿題・課題などを十分にこなしたうえで、試験結果を中心として、主として英語力に向上が見られたかどうかによって、総合的に判断する（成績評価の配分は、クラスワーク30%、試験70%とする）。"
農,"応用生物化","英語中級２【再】","鬼頭　修","クラスワークや宿題・課題などを十分にこなしたうえで、試験結果を中心として、主として英語力に向上が見られたかどうかによって、総合的に判断する（成績評価の配分は、クラスワーク30%、試験70%とする）。"
農,"生物資源","英語上級２【再】","鬼頭　修","クラスワークや宿題・課題などを十分にこなしたうえで、試験結果を中心として、主として英語力に向上が見られたかどうかによって、総合的に判断する（成績評価の配分は、クラスワーク30%、試験70%とする）。"
農,"生物環境科","英語上級２【再】","鬼頭　修","クラスワークや宿題・課題などを十分にこなしたうえで、試験結果を中心として、主として英語力に向上が見られたかどうかによって、総合的に判断する（成績評価の配分は、クラスワーク30%、試験70%とする）。"
農,"応用生物化","英語上級２【再】","鬼頭　修","クラスワークや宿題・課題などを十分にこなしたうえで、試験結果を中心として、主として英語力に向上が見られたかどうかによって、総合的に判断する（成績評価の配分は、クラスワーク30%、試験70%とする）。"
農,"応用生物化","インターンシップ１","小原　章裕","５日間以上の研修プログラムであり、２つの単位認定要件（①ガイダンス、事前研修、事後研修への出席、②実習日誌、報告書、研修先からの実習評価書の提出）の全てを満たした場合、単位認定審査を受けることができる。原則として５日間以上で１単位を認定する。「履修上の留意」に記載した項目が守られなかった場合、または、インターンシップ受入先からの厳しい評価・所見・要望等（（不測の事態を除く欠席・遅刻・早退、また態度に関する指摘等）があった場合は、単位は認定しない。"
農,"生物環境科","インターンシップ１","小原　章裕","５日間以上の研修プログラムであり、２つの単位認定要件（①ガイダンス、事前研修、事後研修への出席、②実習日誌、報告書、研修先からの実習評価書の提出）の全てを満たした場合、単位認定審査を受けることができる。原則として５日間以上で１単位を認定する。「履修上の留意」に記載した項目が守られなかった場合、または、インターンシップ受入先からの厳しい評価・所見・要望等（（不測の事態を除く欠席・遅刻・早退、また態度に関する指摘等）があった場合は、単位は認定しない。"
農,"生物資源","インターンシップ１","小原　章裕","５日間以上の研修プログラムであり、２つの単位認定要件（①ガイダンス、事前研修、事後研修への出席、②実習日誌、報告書、研修先からの実習評価書の提出）の全てを満たした場合、単位認定審査を受けることができる。原則として５日間以上で１単位を認定する。「履修上の留意」に記載した項目が守られなかった場合、または、インターンシップ受入先からの厳しい評価・所見・要望等（（不測の事態を除く欠席・遅刻・早退、また態度に関する指摘等）があった場合は、単位は認定しない。"
農,"生物環境科","インターンシップ２","小原　章裕","５日間以上の研修プログラムであり、２つの単位認定要件（①ガイダンス、事前研修、事後研修への出席、②実習日誌、報告書、研修先からの実習評価書の提出）の全てを満たした場合、単位認定審査を受けることができる。原則として５日間以上で１単位を認定する。「履修上の留意」に記載した項目が守られなかった場合、または、インターンシップ受入先からの厳しい評価・所見・要望等（（不測の事態を除く欠席・遅刻・早退、また態度に関する指摘等）があった場合は、単位は認定しない。"
農,"生物資源","インターンシップ２","小原　章裕","５日間以上の研修プログラムであり、２つの単位認定要件（①ガイダンス、事前研修、事後研修への出席、②実習日誌、報告書、研修先からの実習評価書の提出）の全てを満たした場合、単位認定審査を受けることができる。原則として５日間以上で１単位を認定する。「履修上の留意」に記載した項目が守られなかった場合、または、インターンシップ受入先からの厳しい評価・所見・要望等（（不測の事態を除く欠席・遅刻・早退、また態度に関する指摘等）があった場合は、単位は認定しない。"
農,"応用生物化","インターンシップ２","小原　章裕","５日間以上の研修プログラムであり、２つの単位認定要件（①ガイダンス、事前研修、事後研修への出席、②実習日誌、報告書、研修先からの実習評価書の提出）の全てを満たした場合、単位認定審査を受けることができる。原則として５日間以上で１単位を認定する。「履修上の留意」に記載した項目が守られなかった場合、または、インターンシップ受入先からの厳しい評価・所見・要望等（（不測の事態を除く欠席・遅刻・早退、また態度に関する指摘等）があった場合は、単位は認定しない。"
農,"生物環境科","地学実験","齊藤　毅、市原　俊","出席・取組状況（40%）および課題（60%）で評価する．未提出課題がある場合は欠格となることがある．"
農,"応用生物化","地学実験","齊藤　毅、市原　俊","出席・取組状況（40%）および課題（60%）で評価する．未提出課題がある場合は欠格となることがある．"
農,"生物資源","地学実験","齊藤　毅、市原　俊","出席・取組状況（40%）および課題（60%）で評価する．未提出課題がある場合は欠格となることがある．"
農,"生物環境科","地学実験１","齊藤　毅、市原　俊","出席・取組状況（40%）および課題（60%）で評価する．未提出課題がある場合は欠格となることがある．"
農,"応用生物化","地学実験１","齊藤　毅、市原　俊","出席・取組状況（40%）および課題（60%）で評価する．未提出課題がある場合は欠格となることがある．"
農,"生物資源","地学実験１","齊藤　毅、市原　俊","出席・取組状況（40%）および課題（60%）で評価する．未提出課題がある場合は欠格となることがある．"
農,"生物資源","物理学実験","土屋　文、坂井　麻里子、鈴木　智子","成績評価は、全ての実験に出席（遅刻・早退しないこと）した上で、レポート内容：100点満点とする。100点満点中60点以上を合格とする。"
農,"生物環境科","物理学実験","土屋　文、坂井　麻里子、鈴木　智子","成績評価は、全ての実験に出席（遅刻・早退しないこと）した上で、レポート内容：100点満点とする。100点満点中60点以上を合格とする。"
農,"応用生物化","物理学実験","土屋　文、坂井　麻里子、鈴木　智子","成績評価は、全ての実験に出席（遅刻・早退しないこと）した上で、レポート内容：100点満点とする。100点満点中60点以上を合格とする。"
農,"応用生物化","物理学実験１","土屋　文、坂井　麻里子、鈴木　智子","成績評価は、全ての実験に出席（遅刻・早退しないこと）した上で、レポート内容：100点満点とする。100点満点中60点以上を合格とする。"
農,"生物環境科","物理学実験１","土屋　文、坂井　麻里子、鈴木　智子","成績評価は、全ての実験に出席（遅刻・早退しないこと）した上で、レポート内容：100点満点とする。100点満点中60点以上を合格とする。"
農,"生物資源","物理学実験１","土屋　文、坂井　麻里子、鈴木　智子","成績評価は、全ての実験に出席（遅刻・早退しないこと）した上で、レポート内容：100点満点とする。100点満点中60点以上を合格とする。"
農,"生物資源","生物資源学特別講義３","津呂　正人、佐久間　輝仁、横溝　太郎、武田　泰明","試験(80%)とレポート(20%)"
農,"生物資源","食用作物学２","平野　達也","定期試験を100点満点として評価する．"
農,"生物資源","植物細胞工学","津呂　正人","平常点、小テスト(20%)と定期試験(80%)で評価する．"
農,"生物資源","植物感染制御学","荒川　征夫","出席日数が授業日数の3分の2以上充足していることを原則とし、試験の点数を100％として評価する。授業開始後20分以降の入室は遅刻とし、2回の遅刻を1回欠席として加算する。出席記録がありながら教室に不在であることが発覚した場合は、3回欠席とする。"
農,"生物資源","動物生産学","熊谷　元","平常点50％（授業参加度30％、小テストおよびレポート20％）、定期試験50％で評価する。"
農,"生物資源","青果保蔵学","鈴木　康生","試験100％"
農,"生物資源","作物学実験","道山　弘康、平野　達也","作物学という生物資源学の一分野に範囲を絞って，生物資源学における思考方法と実験技術習得の第１歩です．研究室の教員と１対１の人間関係を形成しながら作業を行い，科学の楽しさ，生物資源学，作物学の楽しさと重要性を十分に理解できるように勉強をして欲しいと思います．"
農,"生物資源","園芸学実験","中尾　義則、森田　隆史、林　義明、森田　裕将","毎回の実験への取り組みの意欲、理解度、操作等の正確度並びに結果（60点）および提出されたレポートの内容を加味（40点）して評価。"
農,"生物資源","園芸学実験","鈴木　康生、鈴木　茂敏、津呂　正人","平常点(（授業参加度30％、授業態度10％）)とレポート(60％)により評価する．また，実験中の積極性も評価に反映させる．"
農,"生物資源","遺伝育種学実験","森上　敦、塚越　啓央、寺田　理枝","平常点(50%) 実験の取り組み方を評価する。レポート(50%) 実験結果のレポートの内容を評価する。"
農,"生物資源","植物病理学実験","荒川　征夫","全ての実験に参加することを絶対条件とし、各種実験操作に対する正確性、論理的考察能力、随時課されるレポート内容を総合的に評価する。"
農,"生物資源","昆虫学実験","山岸　健三、上船　雅義","標本作製と同定：60％，レポート：40％で評価"
農,"生物資源","生物生産経営学演習","平児　慎太郎","単位認定に際しては、全ての出席を前提とし、講義への参加(25％)、レポート(75％)の程度を目安に総合的に評価する。
受講態度が悪い、レポートの仕上がりが悪い、再提出の期日を守らない等は、減点、最悪の場合、不合格とする。"
農,"生物資源","雑草学","汪　光熙","授業参加度（２０％）とレポート成績（８０％）を併用して評価する。"
農,"生物資源","分子生物学","森上　敦","定期試験 100%で評価する。"
農,"生物資源","食品経済学","平児　慎太郎","定期試験のスコアを重視する。
出席は受験資格をチェックするために用いるが、私語をやめないなどの妨害行為、代返が発覚した場合には失格などの厳しい罰則を科す。"
農,"生物資源","肥料学","礒井　俊行","試験100％．ただし、出席回数が3分の2以下の場合は欠格とする．"
農,"生物資源","科学英語１","安原　和也","クラスワークや宿題・課題などを十分にこなしたうえで、科学英語力および学術英語力にさらなる向上が見られたかどうかによって、総合的に判断する。成績評価の配分は、クラスワーク（小テストを含む）50%、試験（レポート試験または筆記試験）50%とする。"
農,"生物資源","科学英語１","石川　淳子","試験１００％。ただし出席回数が３分の２以下の場合は欠格とする。試験：記憶力でなく講義内容を基にした思考力を問う。出席：毎回出席を取る。"
農,"生物資源","農場実習３","中尾　義則、森田　隆史、林　義明、森田　裕将、片山　好春","実習目的、方法及び対象動植物の特性等を理解しているか、その理解に基づき適正かつ意欲的に作業しているか、観察は十分か等を評価（70点）するとともに、毎回課しているレポートを考慮（30点）して評価する。"
農,"生物資源","農薬学","田村　廣人","評価は定期試験100%で行います。定期試験は、記憶力ではなく講義内容をもとにした思考力を問う問題です。出席回数が3分の2以下の場合は欠格とします。"
農,"生物資源","食品科学","北越　香織","小テスト+定期試験で総合的に評価する。出席確認は小テストの提出およびカードリーダーで行う。出席回数は定期試験の受験資格となる。"
農,"生物資源","農政学","磯前　秀二","小テスト・レポート・学習態度(20%),試験(80%).
受験資格は2/3以上の出席．"
農,"生物資源","資源作物学","道山　弘康","本講義で解説する作物の多くのものが国際的に取り引きされるため，生産と輸出入の状況には世界の動きが表現される．「資源作物（工芸作物）の小窓から世界が見える」と私は常日頃言っています．学生諸君，この講義を聞いて未知の作物，未知の世界を垣間見てみよう．そして工芸作物から見た世界の動きを感じてみませんか？ただし，最低限の礼儀をわきまえて．この講義は熱帯農業論とも関係します．"
農,"生物資源","土壌学","村野　宏達","宿題（20%）：各講義内容の理解度を確認します。
中間試験（30%）：講義内容の基礎的事項60%、応用問題40%
試験（50%）：講義内容の基礎的事項60%、応用問題40%
で総合的に評価します。"
農,"生物資源","熱帯農業論","道山　弘康","人間は一人では生きていけない．国のレベルでも国内農業だけで自給自足することはとてもできない世の中になっている．日本では飽食の時代でも，開発途上国では飢えに苦しむ人たちがたくさんいる．この授業によって若者たちが国際協力の重要性，地球規模の人生や国家の考え方を認知するようになってほしい．また，すべてを金で解決しようと考えがちな先進国やその国民と対比し，そうでない世界の国や国民の美しさにも気がついてほしい．
また，日本のような温帯先進国とはまったく違う自然環境，景色，農業，人間と人間の考え方を知ることの楽しさを，授業から味わってほしいと思います．"
農,"生物資源","科学英語２","安原　和也","クラスワークや宿題・課題などを十分にこなしたうえで、科学英語力および学術英語力にさらなる向上が見られたかどうかによって、総合的に判断する。成績評価の配分は、クラスワーク（小テストを含む）50%、試験（レポート試験または筆記試験）50%とする。"
農,"生物資源","農業環境微生物学","田中　愛子、千葉　壮太郎、佐藤　育男","定期試験（60%)、講義中に実施する小テストによる授業への取り組み（40%）を評価する。また、授業回数の3分の１以上欠席した場合は欠格とする。"
農,"応用生物化","フィールドサイエンス","中尾　義則、森田　隆史、森田　裕将、林　義明","小テスト・レポート等により平常点を20点とし、試験の成績を80点とする。"
農,"生物環境科","フィールドサイエンス","中尾　義則、森田　隆史、森田　裕将、林　義明","小テスト・レポート等により平常点を20点とし、試験の成績を80点とする。"
農,"生物資源","フィールドサイエンス","中尾　義則、森田　隆史、森田　裕将、林　義明","小テスト・レポート等により平常点を20点とし、試験の成績を80点とする。"
農,"生物資源","施設園芸学","熊﨑　忠","定期試験の点数を100点満点として評価する．講義回数の3分の1以上を欠席した場合は欠格とする．"
農,"生物資源","科学英語２","石川　淳子","試験１００％。ただし出席回数が３分の２以下の場合は欠格とする。試験：記憶力でなく講義内容を基にした思考力を問う。出席：毎回出席を取る。"
農,"生物資源","農場実習４","中尾　義則、森田　隆史、林　義明、森田　裕将、片山　好春","実習目的、方法及び対象動植物の特性等を理解しているか、その理解に基づき適正かつ意欲的に作業しているか、観察は十分か等を評価する（70点）とともに、毎回課しているレポートを考慮（30点）して評価する。"
農,"生物資源","ゼミナール１","道山　弘康、平野　達也","毎回の発表と提出された日本語訳のレポートから，英文読解力，理解力，発表能力，研究室での勉学態度などを総合的に評価する．"
農,"生物資源","ゼミナール１","鈴木　茂敏、津呂　正人、鈴木　康生","平常点（授業参加度30％、授業態度10％）とともに論文の読解力（30％）と紹介の仕方（30％）も評価の対象にしている。担当箇所以外の理解度なども評価の対象として重要視している。"
農,"生物資源","ゼミナール１","寺田　理枝","文献輪読発表(40%)と質疑応答（30%）,基礎実験結果報告(20%),研究室活動への貢献（10%）."
農,"生物資源","ゼミナール１","森上　敦、塚越　啓央","英訳の正しさと内容の理解度を確認する口頭試問の回答内容によって評価する．"
農,"生物資源","ゼミナール１","山岸　健三、上船　雅義","資料収集，グループディスカッションの参加姿勢，パワーポイント発表などにより総合的に判断します（100％）"
農,"生物資源","ゼミナール１","荒川　征夫","毎回の授業への出席状況、発表用に選定した論文に対する理解度およびプレゼンテーションにむけた事前準備と発表内容、他者の発表に対する質疑応答の活発性を総合的に評価する。"
農,"生物資源","ゼミナール１","磯前　秀二、平児　慎太郎","報告の出来具合(60%)とともに，討議への参加状況(40%)もみる．"
農,"応用生物化","ゼミナール１","中尾　義則、森田　隆史、林　義明、森田　裕将","発表論文が正しく理解され適正に要約されているか、図表の理解は正しいか、専門用語や内容についてきちんと下調べしてあるかを評価するとともに、平素の研究室活動にも積極的に関っているか、実際の栽培、飼養で起こる現象を正しく理解したり考察することができているかを全教員で評価する。"
農,"生物環境科","ゼミナール１","中尾　義則、森田　隆史、林　義明、森田　裕将","発表論文が正しく理解され適正に要約されているか、図表の理解は正しいか、専門用語や内容についてきちんと下調べしてあるかを評価するとともに、平素の研究室活動にも積極的に関っているか、実際の栽培、飼養で起こる現象を正しく理解したり考察することができているかを全教員で評価する。"
農,"生物資源","ゼミナール１","中尾　義則、森田　隆史、林　義明、森田　裕将","発表論文が正しく理解され適正に要約されているか、図表の理解は正しいか、専門用語や内容についてきちんと下調べしてあるかを評価するとともに、平素の研究室活動にも積極的に関っているか、実際の栽培、飼養で起こる現象を正しく理解したり考察することができているかを全教員で評価する。"
農,"生物資源","ゼミナール２","道山　弘康、平野　達也","発表と配布されたゼミ資料から，英文読解力，生物生産学の専門知識，コミュニケーション力，プレゼンテーション力，研究室での勉学態度などから総合的に評価する．全員の成績が満点に近くなるように，甘やかさず，できるまでやり直しをさせ，厳しく指導する．"
農,"生物資源","ゼミナール２","鈴木　茂敏、津呂　正人、鈴木　康生","平常点（授業参加度30％、授業態度10％）とともに論文の読解力（30％）と紹介の仕方（30％）も評価の対象にしている。"
農,"生物資源","ゼミナール２","寺田　理枝","論文輪読発表（40%）,研究進捗報告(30%),ゼミナール質疑応答（30%）"
農,"生物資源","ゼミナール２","森上　敦、塚越　啓央","平常点(50%)　口頭試問による内容の理解度の確認。　発表・プレゼンテーションの内容　(50%)　"
農,"生物資源","ゼミナール２","山岸　健三、上船　雅義","論文紹介の内容と，模擬論文作成の内容により総合評価します（100％）．"
農,"生物資源","ゼミナール２","荒川　征夫","毎回の授業への出席状況、発表用に選定した論文に対する理解度およびプレゼンテーションにむけた事前準備と発表内容、他者の発表に対する質疑応答の活発性を総合的に評価する。"
農,"生物資源","ゼミナール２","磯前　秀二、平児　慎太郎","報告の出来具合(60%)とともに討議への参加態度(40%)もみる．"
農,"生物資源","ゼミナール２","中尾　義則、森田　隆史、林　義明、森田　裕将","発表論文が正しく理解され適正に要約されているか、図表の理解は正しいか、内容や外国語の専門用語についてきちんと下調べしてあるかを評価するとともに、平素の研究室活動にも積極的に関っているか、実際の栽培、飼養で起こる現象を正しく理解したり考察することができているかを全教員で評価する。"
農,"生物環境科","ゼミナール２","中尾　義則、森田　隆史、林　義明、森田　裕将","発表論文が正しく理解され適正に要約されているか、図表の理解は正しいか、内容や外国語の専門用語についてきちんと下調べしてあるかを評価するとともに、平素の研究室活動にも積極的に関っているか、実際の栽培、飼養で起こる現象を正しく理解したり考察することができているかを全教員で評価する。"
農,"応用生物化","ゼミナール２","中尾　義則、森田　隆史、林　義明、森田　裕将","発表論文が正しく理解され適正に要約されているか、図表の理解は正しいか、内容や外国語の専門用語についてきちんと下調べしてあるかを評価するとともに、平素の研究室活動にも積極的に関っているか、実際の栽培、飼養で起こる現象を正しく理解したり考察することができているかを全教員で評価する。"
農,"生物資源","卒業研究","道山　弘康、平野　達也","毎日の卒業論文に取り組む姿勢態度，出来上がった卒業論文の内容および卒論発表（ポスターと口頭発表およびそれらのディスカッション内容）から総合的に評価する．実験の進め方，論文のとりまとめ方と書き方については，成績が満点に近くなるまで，甘やかさず，できるまでやり直しをさせ，毎日教員がマンツーマンで厳しく指導する．"
農,"生物資源","卒業研究","鈴木　茂敏、津呂　正人、鈴木　康生","供試植物の管理からはじめて、毎日の観察が重要である。したがって研究室や圃場での日常の生活態度を重要視する。実験課題によって実験結果の出やすい場合とかなりの努力が必要な場合があるが、結果を評価するよりもその過程における努力を重視する（80％）。データの整理から論文としてのまとめまでの過程も重要である（20％）。"
農,"生物資源","卒業研究","寺田　理枝","研究課題の推進・結果のまとめ・考察による卒業論文作成の達成度（70%）とプレゼンテーション報告内容（20%）、研究室活動への貢献（10%）により評価する。"
農,"生物資源","卒業研究","森上　敦、塚越　啓央","研究への取り組み方(70%)および提出された論文(30%)の内容から総合的に評価する．"
農,"生物資源","卒業研究","山岸　健三、上船　雅義","普段の研究室での活動状況，卒業論文，ならびに卒業研究発表で総合評価します（100％）．卒業研究は研究過程を重視しますので，毎日熱心に研究に取り組んだ場合には，十分な結果が得られなくても単位を認定します．しかし，怠けていて研究結果が出なかった場合や卒業論文と卒業研究発表を行わなかった場合には，単位を認定しません．"
農,"生物資源","卒業研究","荒川　征夫","研究活動に対する積極性、研究成果、卒業論文の内容、卒論発表会等におけるプレゼンテーション能力を総合的に評価する。"
農,"生物資源","卒業研究","磯前　秀二、平児　慎太郎","研究成果としての論文等の出来具合(70%)とともに，適切な研究方法が採られているか(15%)，オリジナリティがあるか(15%)もみる．"
農,"応用生物化","卒業研究","中尾　義則、森田　隆史、林　義明、森田　裕将","平素からの卒研への取り組み、積極性、きちんと実験材料を管理しデータを漏れることなく取っているか、自分の課題を正確に理解し、計画し、確実に実行しているかを評価したうえで、データを正しく理解し提出論文の内容に十分引用文献等によって吟味されたうえで作成されているか（100点）、その内容を要約して十分に発表できたか、質疑に十分応答できたか（評価する最低条件）を総合的に評価する。"
農,"生物環境科","卒業研究","中尾　義則、森田　隆史、林　義明、森田　裕将","平素からの卒研への取り組み、積極性、きちんと実験材料を管理しデータを漏れることなく取っているか、自分の課題を正確に理解し、計画し、確実に実行しているかを評価したうえで、データを正しく理解し提出論文の内容に十分引用文献等によって吟味されたうえで作成されているか（100点）、その内容を要約して十分に発表できたか、質疑に十分応答できたか（評価する最低条件）を総合的に評価する。"
農,"生物資源","卒業研究","中尾　義則、森田　隆史、林　義明、森田　裕将","平素からの卒研への取り組み、積極性、きちんと実験材料を管理しデータを漏れることなく取っているか、自分の課題を正確に理解し、計画し、確実に実行しているかを評価したうえで、データを正しく理解し提出論文の内容に十分引用文献等によって吟味されたうえで作成されているか（100点）、その内容を要約して十分に発表できたか、質疑に十分応答できたか（評価する最低条件）を総合的に評価する。"
農,"応用生物化","農学特別講義３","大浦　健、小平　均、辻井　崇起、齋藤　弥生子、謝　憲文、小池　聡、李　秀澈、礒井　俊行、高山　博好、林　義明、多田　眞一、市村　一雄","毎回の講義終了後にレポート提出を課し，この成績結果(40％)と平常点(60％)により総合的評価を行う。なお，授業回数の3分の１以上欠席した場合は欠格とする。毎回提出のレポートは，講義内容が十分に理解・把握されているかどうかをみる．"
農,"生物環境科","農学特別講義３","大浦　健、小平　均、辻井　崇起、齋藤　弥生子、謝　憲文、小池　聡、李　秀澈、礒井　俊行、高山　博好、林　義明、多田　眞一、市村　一雄","毎回の講義終了後にレポート提出を課し，この成績結果(40％)と平常点(60％)により総合的評価を行う。なお，授業回数の3分の１以上欠席した場合は欠格とする。毎回提出のレポートは，講義内容が十分に理解・把握されているかどうかをみる．"
農,"生物資源","農学特別講義３","大浦　健、小平　均、辻井　崇起、齋藤　弥生子、謝　憲文、小池　聡、李　秀澈、礒井　俊行、高山　博好、林　義明、多田　眞一、市村　一雄","毎回の講義終了後にレポート提出を課し，この成績結果(40％)と平常点(60％)により総合的評価を行う。なお，授業回数の3分の１以上欠席した場合は欠格とする。毎回提出のレポートは，講義内容が十分に理解・把握されているかどうかをみる．"
農,"応用生物化","食物文化論","小原　章裕","授業最後に実施するミニッツカードによる小問題（約3割）及び試験（約7割）で総合的に評価する。ミニッツカードは毎回講義の最後10分で当日の授業内容について理解度をチェックし，期末試験と合わせて到達目標に示した4つの項目についてどの程度理解できたによって評価する。合格は60点以上とする。"
農,"応用生物化","化学２","入澤　寿平","定期テストと平常点（出席・レポート）を総合的に評価して判定します。評定：定期試験50％＋平常点50％"
農,"応用生物化","英会話初級１","山添　直樹","クラスワークや宿題・課題などを十分にこなしたうえで、試験結果を中心として、主として英語力に向上が見られたかどうかによって、総合的に判断する（成績評価の配分は、クラスワーク20%、試験80%とする）。"
農,"応用生物化","英会話中級１","菅原　裕子","クラスワークや宿題・課題などを十分にこなしたうえで、試験結果を中心として、主として英語力に向上が見られたかどうかによって、総合的に判断する（成績評価の配分は、クラスワーク20%、試験80%とする）。"
農,"応用生物化","英会話上級１","伊藤　省三","クラスワークや宿題・課題などを十分にこなしたうえで、試験結果を中心として、主として英語力に向上が見られたかどうかによって、総合的に判断する（成績評価の配分は、クラスワーク20%、試験80%とする）。"
農,"応用生物化","英語初級１","鬼頭　修","クラスワークや宿題・課題などを十分にこなしたうえで、試験結果を中心として、主として英語力に向上が見られたかどうかによって、総合的に判断する（成績評価の配分は、クラスワーク30%、試験70%とする）。
【注意】本科目の単位を取得するためには、WebClassの「農学英語2017（1年）」において、「農学英単Level 1」のテストプログラムを受験し、指定期日までに必ず合格点に達していなければならない。なお、合格点に達していない場合は、欠格として処理する。"
農,"応用生物化","英語中級１","平石　順久","クラスワークや宿題・課題などを十分にこなしたうえで、試験結果を中心として、主として英語力に向上が見られたかどうかによって、総合的に判断する（成績評価の配分は、クラスワーク30%、試験70%とする）。
【注意】本科目の単位を取得するためには、WebClassの「農学英語2017（1年）」において、「農学英単Level 1」のテストプログラムを受験し、指定期日までに必ず合格点に達していなければならない。なお、合格点に達していない場合は、欠格として処理する。"
農,"応用生物化","英語上級１","安原　和也","クラスワークや宿題・課題などを十分にこなしたうえで、試験結果を中心として、主として英語力に向上が見られたかどうかによって、総合的に判断する（成績評価の配分は、クラスワーク30%、試験70%とする）。
【注意】本科目の単位を取得するためには、WebClass の「農学英語2017（1 年）」において、「農学英単Level 1」のテストプログラムを受験し、指定期日までに必ず合格点に達していなければならない。なお、合格点に達していない場合は、欠格として処理する。"
農,"応用生物化","生物学実験","寺田　理枝、上船　雅義、荒川　征夫、津呂　正人、鈴木　康生、平野　達也、道山　弘康、塚越　啓央、山岸　健三","毎回レポートの提出が義務付けられています．レポートの内容(70％)，平常点（受講態度等）(30％)などを加味して評価します．
なお，欠席は原則として認められません．公欠・忌引き・病気（医師による診断書が必要）など正当な理由がある場合には，考慮される場合があります．"
農,"応用生物化","情報機器の操作１","大嶽　麻里子","講義時の提出物・講義中に出題する課題で評価する。
正当な理由のない欠席は1回でも欠格とする。正当な理由のない遅刻は2回目で欠格とする。"
農,"応用生物化","情報機器の操作２","丹羽　直美","講義時の提出物・講義中に出題する課題で評価する
正当な理由のない欠席は1回でも欠格とする
正当な理由のない遅刻は2回目で欠格とする"
農,"応用生物化","物理学","小島　義弘","中間試験（50%)と定期試験（50%)の結果を合わせて100%で評価する。4回以上講義に欠席(遅刻)したものは，欠格扱いとする（診断書提示の病欠，忌引き，教育実習等，正規事務手続きを行った上での欠席は出席として取り扱う）。出席確認はカードリーダにて行うこと。なお，カードリーダ等のトラブルに関する申し出は，受け付けない。学生証の不携帯については，その日の講義開始前に申し出た場合のみ，出席扱いとする。"
農,"応用生物化","応用生物化学概説","山口　秀明、加藤　雅士、志水　元亨、氏田　稔、奥村　裕紀、小原　章裕、湊　健一郎、林　利哉、長澤　麻央、大場　正春、前林　正弘、松儀　真人、濱本　博三","授業参加度と、課した課題の内容で全担当者が担当回ごとに各学生の評価を点数化し、その結果を集計して全教員合議の上で評価を決定する。"
農,"応用生物化","化学１","小島　一光","定期試験の結果を基本にして判定します。また、自主学習など日頃の学習状況の成果も評価したいので、試験ではノートの持込を許可する予定です。原則として出席点は評価に含めません。"
農,"応用生物化","健康・スポーツ科学１","山口　清、安藤　健太郎、松岡　大介","授業に取り組む姿勢や態度70％、体力の向上や技術の達成度10％、そして体力測定終了後レポート提出を義務付け評価のウエイトとして20％とする。"
農,"応用生物化","生物学１","高森　識史","定期試験および2回程度のレポート提出により評価する。"
農,"応用生物化","生物学２","高森　識史","定期試験および2回程度のレポート提出により評価する。"
農,"応用生物化","物理化学１","大場　正春","筆記試験の点数を基本とし，これにレポート，日常の学習態度などを加味し，総合的に判断する。筆記試験が７～８割、その他が２～３割とする予定である。"
農,"応用生物化","生物化学１","氏田　稔","　試験の結果（95%）と受講態度（5%）によって総合評価する。特別な事情を除き、欠席・遅刻・早退は厳禁であり、減点となる。皆勤は当然のことであり、特に加点はしない。講義中に理解度を確認するための小テストを行うことがあり、解答の内容によっては出席と認めないこともある。"
農,"応用生物化","英会話初級２","山添　直樹","クラスワークや宿題・課題などを十分にこなしたうえで、試験結果を中心として、主として英語力に向上が見られたかどうかによって、総合的に判断する（成績評価の配分は、クラスワーク20%、試験80%とする）。
【注意】受講生は、TOEICまたはTOEIC-IPを自ら受験し、スコアシートのコピーを必ず１回提出すること。なお、「優」評価を得るためには、クラスワーク等に加えて、TOEICまたはTOEIC-IPにおいて、500点以上のスコアを提出する必要がある。いずれの締め切りも、１月の最終授業日までとし、コピーの提出がない場合は、欠格として処理する。"
農,"応用生物化","英会話中級２","菅原　裕子","クラスワークや宿題・課題などを十分にこなしたうえで、試験結果を中心として、主として英語力に向上が見られたかどうかによって、総合的に判断する（成績評価の配分は、クラスワーク20%、試験80%とする）。
【注意】受講生は、TOEICまたはTOEIC-IPを自ら受験し、スコアシートのコピーを必ず１回提出すること。なお、「優」評価を得るためには、クラスワーク等に加えて、TOEICまたはTOEIC-IPにおいて、500点以上のスコアを提出する必要がある。いずれの締め切りも、１月の最終授業日までとし、コピーの提出がない場合は、欠格として処理する。"
農,"応用生物化","英会話上級２","伊藤　省三","クラスワークや宿題・課題などを十分にこなしたうえで、試験結果を中心として、主として英語力に向上が見られたかどうかによって、総合的に判断する（成績評価の配分は、クラスワーク20%、試験80%とする）。
【注意】受講生は、TOEICまたはTOEIC-IPを自ら受験し、スコアシートのコピーを必ず１回提出すること。なお、「優」評価を得るためには、クラスワーク等に加えて、TOEICまたはTOEIC-IPにおいて、500点以上のスコアを提出する必要がある。いずれの締め切りも、１月の最終授業日までとし、コピーの提出がない場合は、欠格として処理する。"
農,"応用生物化","分析化学","前林　正弘","評価方法：試験80％，レポート20％。
試験では，濃度，電離平衡，溶解平衡，反応速度に対する評価を行う。
レポートはそれらの中から一項目についてより詳細に調査報告を行うものとする。
課題レポートを点数化し，定期試験成績と合わせて評価する。"
農,"応用生物化","英語初級２","鬼頭　修","クラスワークや宿題・課題などを十分にこなしたうえで、試験結果を中心として、主として英語力に向上が見られたかどうかによって、総合的に判断する（成績評価の配分は、クラスワーク30%、試験70%とする）。
【注意】本科目の単位を取得するためには、WebClassの「農学英語2017（1年）」において、「農学英単Level 2」のテストプログラムを受験し、指定期日までに必ず合格点に達していなければならない。なお、合格点に達していない場合は、欠格として処理する。"
農,"応用生物化","英語中級２","安原　和也","クラスワークや宿題・課題などを十分にこなしたうえで、試験結果を中心として、主として英語力に向上が見られたかどうかによって、総合的に判断する（成績評価の配分は、クラスワーク30%、試験70%とする）。
【注意】本科目の単位を取得するためには、WebClass の「農学英語2017（1 年）」において、「農学英単Level 2」のテストプログラムを受験し、指定期日までに必ず合格点に達していなければならない。なお、合格点に達していない場合は、欠格として処理する。"
農,"応用生物化","英語上級２","平石　順久","クラスワークや宿題・課題などを十分にこなしたうえで、試験結果を中心として、主として英語力に向上が見られたかどうかによって、総合的に判断する（成績評価の配分は、クラスワーク30%、試験70%とする）。
【注意】本科目の単位を取得するためには、WebClassの「農学英語2017（1年）」において、「農学英単Level 2」のテストプログラムを受験し、指定期日までに必ず合格点に達していなければならない。なお、合格点に達していない場合は、欠格として処理する。"
農,"応用生物化","化学実験","山口　秀明、加藤　雅士、志水　元亨、氏田　稔、奥村　裕紀、小原　章裕、湊　健一郎、林　利哉、大場　正春、前林　正弘、松儀　真人、濱本　博三","全ての実験に出席し、レポートを全て提出したものに単位を与える。実験中の態度、およびレポートの内容どちらも同等に重視する。"
農,"応用生物化","情報機器の操作２","安田　倫代","講義時の提出物・講義中に出題する課題で評価する
正当な理由のない欠席は1回でも欠格とする。正当な理由のない遅刻は2回目で欠格とする"
農,"応用生物化","情報機器の操作３","丹羽　直美","講義時の提出物・講義中に出題する課題で評価する
正当な理由のない欠席は1回でも欠格とする。正当な理由のない遅刻は2回目で欠格とする"
農,"応用生物化","細胞生物学","奥村　裕紀","試験 (100%)　ただし、受講態度が悪い場合は、試験の成績に関わらず減点対象となる。"
農,"応用生物化","化学実験","山口　秀明、加藤　雅士、志水　元亨、氏田　稔、奥村　裕紀、小原　章裕、湊　健一郎、林　利哉、大場　正春、前林　正弘、松儀　真人、濱本　博三","全ての実験に出席し、レポートを全て提出したものに単位を与える。実験中の態度、およびレポートの内容どちらも同等に重視する。"
農,"応用生物化","有機化学１","松儀　真人","試験（100％）。但し、出席回数が授業日数の 2/3 に満たない場合は、欠格として試験の受験資格を認めない。"
農,"生物環境科","地学","田島　一成","平常点（授業態度など）20％，試験80％
授業回数の３分の１以上を欠席した場合は，欠格として定期試験の受験資格を認めない。"
農,"応用生物化","地学","田島　一成","平常点（授業態度など）20％，試験80％
授業回数の３分の１以上を欠席した場合は，欠格として定期試験の受験資格を認めない。"
農,"応用生物化","植物生命科学","塚越　啓央","定期試験100%で評価する。
出席は加点要素とはしないが、授業回数の3分の２以上の出席に満たない場合は欠格とする。"
農,"応用生物化","健康・スポーツ科学２","山口　清、安藤　健太郎、松岡　大介","健康･スポーツ科学2は実技と理論（試験）を6対4とする。実技は85％、体力の向上や技術の達成度15％とする。理論は試験が80％、平常点20％とする。"
農,"応用生物化","無機化学１","山下　誠司","講義内容の理解度を確認する小テスト・レポート（30％）、講義への出席・授業態度（10％）、筆記試験（60％）で評価する。"
農,"応用生物化","食品化学総論","湊　健一郎","筆記試験によって理解度を問い，総点数100点で評価する。  水分および5大栄養素の化学的特性が理解できれば満点60点。微量成分である味，色素成分およびフレーバーの化学的特性が理解できれば満点30点。成分変化（反応）について理解できれば満点10点で評価し，総合的に判定する。"
農,"応用生物化","農場実習","中尾　義則、森田　隆史、林　義明、森田　裕将、片山　好春","実習目的、方法及び対象動植物の特性等を理解しているか、その理解に基づいて適正かつ意欲的に作業しているか、観察は十分か等を評価する（70点）とともに、毎回課しているレポートの内容を考慮（30点）して評価する。"
農,"応用生物化","農場実習","中尾　義則、森田　隆史、林　義明、森田　裕将、片山　好春","実習目的、方法及び対象動植物の特性等を理解しているか、その理解に基づいて適正かつ意欲的に作業しているか、観察は十分か等を評価する（70点）とともに、毎回課しているレポートの内容を考慮（30点）して評価する。"
農,"応用生物化","食品原料学","湊　健一郎","筆記試験によって理解度を問い，総点数100点で総合的に評価する。(1)食品原料・食材に含まれる代表的・特徴的な成分についての知識を満点30点，（2）食品原料・食材の品種特性や調理加工特性の理解度を満点20点，（3）食品原料・食材の流通時における品質変化に関する理解度を満点30点，（4）食品原料・食材の加工・利用方法に関する知識を満点20点，で問い，それぞれ加点して総合的に評価する。"
農,"応用生物化","生物化学２","氏田　稔","　試験の結果（95%）と受講態度（5%）によって総合評価する。特別な事情を除き、欠席・遅刻・早退は厳禁であり、減点となる。皆勤は当然のことであり、特に加点はしない。講義中に理解度を確認するための小テストを行うことがあり、解答の内容によっては出席と認めないこともある。"
農,"応用生物化","無機化学２","山下　誠司","講義内容の理解度を確認する小テスト・レポート（30％）、講義への出席・授業態度（10％）、筆記試験（60％）で評価する。"
農,"応用生物化","バイオテクノロジー","志水　元亨","復習の習慣をつけるため、適宜講義内容の小テストを行う。試験８０％、小テストの成績２０％。授業回数の３分の１以上を欠席した場合は、欠格として試験の受験資格を認めない。"
農,"応用生物化","有機化学２","松儀　真人","試験（100％）。但し、出席回数が授業日数の 2/3 に満たない場合は、欠格として試験の受験資格を認めない。"
農,"応用生物化","栄養科学１","小原　章裕","炭水化物，脂質，炭水化物の栄養的な価値について理解できているか評価する。毎授業終了時に実施するミニッツカード内で講義内容の理解度をチェックする。評価はミニッツカード（約3割）及び期末試験（約7割）の合計で行ない，60点以上を合格とする。ミニッツカードは毎回講義の最後10分で行なう。学期末試験では3大栄養素の消化，代謝についての理解度を確認する。"
農,"応用生物化","情報科学","満留　みちる","単元別課題（４回、授業中に出します）-20%、総合課題（１回、最終講義日に出します）-80%で評価します。　"
農,"応用生物化","健康・スポーツ科学３","山口　清、塩見　哲大、安藤　健太郎","授業に取り組む姿勢や態度85％、体力の向上や技術の達成度15％とする。"
農,"生物環境科","健康・スポーツ科学３","山口　清、塩見　哲大、安藤　健太郎","授業に取り組む姿勢や態度85％、体力の向上や技術の達成度15％とする。"
農,"応用生物化","畜産食品原料学","林　義明","レポート（20％）、試験（80％）。授業回数の3分の2以上の出席に満たない場合は欠格とします。"
農,"応用生物化","英語初級３","加藤　佳子","クラスワークや宿題・課題などを十分にこなしたうえで、試験結果を中心として、主として英語力に向上が見られたかどうかによって、総合的に判断する（成績評価の配分は、クラスワーク20%、試験80%とする）。
【注意】本科目の単位を取得するためには、WebClassの「農学英語2017（2年）」において、「農学英単Level 3」のテストプログラムを受験し、指定期日までに必ず合格点に達していなければならない。なお、合格点に達していない場合は、欠格として処理する。"
農,"応用生物化","英会話中級３","BARNES TIMOTHY J","平常点（クラス参加，グループ作業）３０％　授業発表　２０％　クイズ（テスト）３０％　宿題／レポート　２０％"
農,"応用生物化","英語上級３","平石　順久","クラスワークや宿題・課題などを十分にこなしたうえで、試験結果を中心として、主として英語力に向上が見られたかどうかによって、総合的に判断する（成績評価の配分は、クラスワーク20%、試験80%とする）。
【注意】本科目の単位を取得するためには、WebClassの「農学英語2017（2年）」において、「農学英単Level 3」のテストプログラムを受験し、指定期日までに必ず合格点に達していなければならない。なお、合格点に達していない場合は、欠格として処理する。"
農,"応用生物化","英会話初級３","Beatty Robert","
1. An A-Z of Common English Errors for Japanese Leaners (Japanese Edition)

                                        David Barker

					BTB Press (ISBN 978-4-9904151-5-0)

2. My Weekly Writing Journal vol.1

                                        Minehane, Markovitz, Hoare


"
農,"応用生物化","英語中級３","服部　茂","クラスワークや宿題・課題などを十分にこなしたうえで、試験結果を中心として、主として英語力に向上が見られたかどうかによって、総合的に判断する（成績評価の配分は、クラスワーク20%、試験80%とする）。
【注意】本科目の単位を取得するためには、WebClassの「農学英語2017（2年）」において、「農学英単Level 3」のテストプログラムを受験し、指定期日までに必ず合格点に達していなければならない。なお、合格点に達していない場合は、欠格として処理する。"
農,"応用生物化","英会話上級３","BROOKS William","Mid-term test: 25%: Final test: 25%;  Presentations 30%; Homework, effort, participation, attitude: 20%"
農,"応用生物化","物理化学２","大場　正春","筆記試験の点数を基本とし，これにレポート，日常の学習態度などを加味し，総合的に判断する。筆記試験がおおよそ７割、その他がおおよそ３割とする予定である。"
農,"応用生物化","微生物学１","加藤　雅士","復習の習慣をつけるため、適宜宿題（アクティブラーニング）の課題を課す。定期試験７０％、提出課題３０％"
農,"応用生物化","統計学","上船　雅義","学んだ統計解析の手法を学生自身のスキルにするため，頻繁にレポート課題を出し統計解析を実践して行く．また，統計解析おいてデータの質と分布に合った手法を選択する必要がある．そこで，試験では，統計解析の基礎知識だけでなく，データの特徴やそのデータに合った統計解析手法の選択を回答してもらう．また，提示された実験結果から統計解析で得られた結果の説明と結果の考察を試験で記述してもらい，評価する．成績の評価は，レポート20％，定期試験80％で行う．出席は加点要素とはしないが，講義回数の3分の2以上の出席に満たない場合は欠格とする．"
農,"応用生物化","食品利用学","湊　健一郎","筆記試験によって理解度を問い，総点数100点で総合的に評価する。 味，色素成分およびフレーバーの化学的特性が理解できれば満点30点。それらの生化学的特性である成分変化（反応）と生合成について理解できれば満点30点。貯蔵中および加工中の変化について理解できれば満点30点。機能性成分の働きを理解できれば満点10点，としてそれぞれ加点して総合的に評価する。"
農,"応用生物化","天然物有機化学","松儀　真人","試験（100％）。但し、出席回数が授業日数の 2/3 に満たない場合は、欠格として試験の受験資格を認めない。"
農,"応用生物化","生物有機化学","濱本　博三","授業中課題（30％）、確認試験(20％)、試験（50％）により評価する。正当な理由の無い遅刻、不必要な携帯電話の使用、居眠り等の受講にふさわしくない行為を、授業中課題評価の減点対象とする。授業回数の３分の２以上の出席に満たない場合は欠格とする。"
農,"応用生物化","微生物学２","加藤　雅士","復習の習慣をつけるため、適宜課題を課す。定期試験７０％、提出課題３０％"
農,"応用生物化","畜産食品製造科学１","林　利哉","原則として試験の成績で評価します。"
農,"応用生物化","農薬科学１","山口　秀明","試験（50%・・・講義内容に関する知識・理解度を評価する）　小テスト（15%・・・講義内容に関する知識・理解度を評価する）　レポート（15%・・・講義内容に関して論理的に文章にまとめる技術・表現を評価する）　講義への取り組み状況（20％・・・積極的に講義に参加する意欲・態度を評価する）"
農,"応用生物化","微生物利用学","志水　元亨","復習の習慣をつけるため、適宜講義内容の小テストを行う。試験90％、小テストの成績10％。授業回数の３分の１以上を欠席した場合は、欠格として試験の受験資格を認めない。"
農,"応用生物化","健康・スポーツ科学４","山口　清、塩見　哲大、安藤　健太郎","健康・スポーツ科学4は実技と理論（試験）を6対4とする。実技は授業に取り組む姿勢や態度80％、体力の向上や技術の達成度20％とする。理論は試験が80％、平常点20％とする。"
農,"生物環境科","健康・スポーツ科学４","山口　清、塩見　哲大、安藤　健太郎","健康・スポーツ科学4は実技と理論（試験）を6対4とする。実技は授業に取り組む姿勢や態度80％、体力の向上や技術の達成度20％とする。理論は試験が80％、平常点20％とする。"
農,"応用生物化","生物物理化学","大場　正春","筆記試験の点数を基本とし，これに日々のレポート，日常の学習態度などを加味し，総合的に判断する。筆記試験をおおよそ７割、その他をおおよそ３割とする予定である。"
農,"応用生物化","英語初級４","加藤　佳子","クラスワークや宿題・課題などを十分にこなしたうえで、試験結果を中心として、主として英語力に向上が見られたかどうかによって、総合的に判断する（成績評価の配分は、クラスワーク20%、試験80%とする）。
【注意】本科目の単位を取得するためには、WebClassの「農学英語2017（2年）」において、「農学英単Level 4」のテストプログラムを受験し、指定期日までに必ず合格点に達していなければならない。なお、合格点に達していない場合は、欠格として処理する。"
農,"応用生物化","英会話中級４","BARNES TIMOTHY J","平常点（クラス参加，グループ作業）３０％　授業発表　２０％　クイズ（テスト）３０％　宿題／レポート　２０％"
農,"応用生物化","英語上級４","平石　順久","クラスワークや宿題・課題などを十分にこなしたうえで、試験結果を中心として、主として英語力に向上が見られたかどうかによって、総合的に判断する（成績評価の配分は、クラスワーク20%、試験80%とする）。
【注意】本科目の単位を取得するためには、WebClassの「農学英語2017（2年）」において、「農学英単Level 4」のテストプログラムを受験し、指定期日までに必ず合格点に達していなければならない。なお、合格点に達していない場合は、欠格として処理する。"
農,"応用生物化","英会話初級４","Beatty Robert","
1. An A-Z of Common English Errors for Japanese Leaners (Japanese Edition)

                                        David Barker

					BTB Press (ISBN 978-4-9904151-5-0)

2. My Weekly Writing Journal vol.1

                                        Minehane, Markovitz, Hoare


"
農,"応用生物化","英語中級４","服部　茂","クラスワークや宿題・課題などを十分にこなしたうえで、試験結果を中心として、主として英語力に向上が見られたかどうかによって、総合的に判断する（成績評価の配分は、クラスワーク20%、試験80%とする）。
【注意】本科目の単位を取得するためには、WebClassの「農学英語2017（2年）」において、「農学英単Level 4」のテストプログラムを受験し、指定期日までに必ず合格点に達していなければならない。なお、合格点に達していない場合は、欠格として処理する。"
農,"応用生物化","英会話上級４","BROOKS William","Mid-term test: 25%: Final test: 25%;  Presentations 30%; Homework, effort, participation, attitude: 20%"
農,"応用生物化","栄養科学２","小原　章裕","栄養科学Ⅰと同様にミニッツカード（30点）と期末試験（70点）で評価する。ミニッツカードは毎回の講義内容についての理解度を評価する。また，期末試験では微量栄養素及び非栄養素の栄養機能性についての理解度を評価する。両方の点数を合わせて60点以上を合格とする。"
農,"応用生物化","代謝生化学","氏田　稔","　試験の結果（95%）と受講態度（5%）によって総合評価する。特別な事情を除き、欠席・遅刻・早退は厳禁であり、減点となる。皆勤は当然のことであり、特に加点はしない。講義中に理解度を確認するための小テストを行うことがあり、解答の内容によっては出席と認めないこともある。"
農,"応用生物化","食品加工実習","林　利哉、長澤　麻央、加藤　雅士、志水　元亨、小原　章裕、湊　健一郎","成績評価は、その比率を食肉加工（40％）、発酵・醸造（40％）、工場見学（20％）とし、実際の態度やレポートの内容で総合的に判断します。当然ですが、全て出席し、かつレポートを提出してはじめて成績評価の対象となります。"
農,"応用生物化","食品加工実習","林　利哉、長澤　麻央、加藤　雅士、志水　元亨、小原　章裕、湊　健一郎","成績評価は、その比率を食肉加工（40％）、発酵・醸造（40％）、工場見学（20％）とし、実際の態度やレポートの内容で総合的に判断します。当然ですが、全て出席し、かつレポートを提出してはじめて成績評価の対象となります。"
農,"応用生物化","応用生物化学実験１","加藤　雅士、志水　元亨","実験態度（50％）およびレポート（50％）により総合的に判断する。"
農,"応用生物化","応用生物化学実験１","加藤　雅士、志水　元亨","実験態度（50％）およびレポート（50％）により総合的に判断する。"
農,"応用生物化","応用生物化学実験２","山口　秀明","実験への取り組みや観察の姿勢（20％）　レポート（30％）　試験（50％）　をもとに総合的に評価する。"
農,"応用生物化","応用生物化学実験２","山口　秀明","実験への取り組みや観察の姿勢（20％）　レポート（30％）　試験（50％）　をもとに総合的に評価する。"
農,"応用生物化","応用生物化学実験３","松儀　真人、濱本　博三","最終サンプルの提出（10％）およびレポート（90％）により行う。原則として毎回出席することが必要である。"
農,"応用生物化","応用生物化学実験３","松儀　真人、濱本　博三","最終サンプルの提出（10％）およびレポート（90％）により行う。原則として毎回出席することが必要である。"
農,"応用生物化","応用生物化学実験４","氏田　稔、奥村　裕紀","　レポート（80%）、テスト（5%）、実験に取り組む態度（5%）、実験の理解度（5%）、実験技法の習熟度（5%）などによって総合評価する。"
農,"応用生物化","応用生物化学実験４","氏田　稔、奥村　裕紀","　レポート（80%）、テスト（5%）、実験に取り組む態度（5%）、実験の理解度（5%）、実験技法の習熟度（5%）などによって総合評価する。"
農,"応用生物化","食品機能学１","長澤　麻央","定期試験の成績を主な評価基準（85%）にしますが、授業後に実施するミニレポート（15%）も評価に加えます。定期試験では、機能性食品が保健機能を有するメカニズムだけでなく、機能性食品に関わる最近の時事問題も出題することで、「食」の重要性を認識できているかを評価します。"
農,"応用生物化","動物生命科学","奥村　裕紀","試験 (100%)　ただし、受講態度が悪い場合は、試験の成績に関わらず減点対象となる。"
農,"応用生物化","畜産食品製造科学２","林　利哉","原則として試験の成績で評価します。"
農,"応用生物化","香粧品化学","濱本　博三","授業中課題（30％）、確認試験(20％)、試験（50％）により評価する。正当な理由の無い遅刻、不必要な携帯電話の使用、居眠り等の受講にふさわしくない行為を、授業中課題評価の減点対象とする。ただし、授業回数の３分の２以上の出席に満たない場合は欠格とする。"
農,"応用生物化","醸造・発酵科学","加藤　雅士","課題提出による平常点（３０％）および定期試験（７０％）"
農,"応用生物化","食品安全・衛生学","林　利哉","原則として試験成績で評価する"
農,"応用生物化","農薬科学２","山口　秀明","試験（50%・・・講義内容に関する知識・理解度を評価する）　小テスト（15%・・・講義内容に関する知識・理解度を評価する）　レポート（15%・・・講義内容に関して論理的に文章にまとめる技術・表現を評価する）　講義への取り組み状況（20％・・・積極的に講義に参加する意欲・態度を評価する）"
農,"応用生物化","科学英語１","畑　盛正","定期試験８０～８５％，課題レポートは出題回数に応じて１５～２０％。　ただし、課題レポートが独力でなしたものであること。"
農,"応用生物化","タンパク質・遺伝子工学","奥村　裕紀","試験 (100%)　ただし、受講態度が悪い場合は、試験の成績に関わらず減点対象となる。"
農,"応用生物化","高分子レオロジー","前林　正弘","課題レポートを点数化し，定期試験成績と合わせて評価する。
評価方法：試験80％，レポート20％。
試験では，粘弾性の基本法則，水溶液中での高分子の挙動について，基本的な計算やモデルに基づく説明ができることを確認します。
レポート課題は，高分子溶液の挙動に関する内容を課題として，より深く調査の内容の報告するものとします。"
農,"応用生物化","食品製造科学１","長澤　麻央","定期試験の成績を主な評価基準（85%）としますが、授業後に実施するミニレポート（15%）も評価に加えます。定期試験では、各乳製品の製造方法を問うだけでなく、乳製品以外の食品を製造する上でも重要な殺菌等の知識も問います。また、乳製品が持つ機能性についても言及します。"
農,"応用生物化","食品保蔵学","長澤　麻央","定期試験の成績を主な評価基準（85%）にしますが、授業後に実施するミニレポート（15%）も評価に加えます。本講義で取り扱う食品の腐敗やそれを防ぐ技術を主に出題します。"
農,"応用生物化","食品機能学２","林　利哉","原則として試験成績によって評価します。"
農,"応用生物化","分子生物学","志水　元亨","復習の習慣をつけるため、適宜講義内容の小テストを行う．試験８０％、小テストの成績２０％。授業回数の３分の１以上を欠席した場合は、欠格として試験の受験資格を認めない。"
農,"応用生物化","生物制御化学","山口　秀明","試験（50%・・・講義内容に関する知識・理解度を評価する）　小テスト（15%・・・講義内容に関する知識・理解度を評価する）　資料（パワーポイント）提出によるレポート（15%・・・講義内容に関して論理的にプレゼンテーション資料としてまとめる技術・表現を評価する）　講義への取り組み状況（20％・・・積極的に講義に参加する意欲・態度を評価する）"
農,"応用生物化","科学英語２","萩　三恵","試験の結果（70％）、プレゼンテーション（20％）、授業態度（10％）によって総合評価する。"
農,"応用生物化","機器分析化学","前林　正弘","評価方法：試験８０％＋レポート２０％。
試験では，紫外可視分光法，赤外分光法，各磁気共鳴分光法，クロマトグラフィー，熱分析についての知識と解析技術について問います。
レポート課題は，それらの中から一つを選択して，より深い知識を付けるための調査とします。"
農,"応用生物化","食品・環境関連法規","佐久間　義則","すべて食品に関わる身近な法律です。基本を理解するとともに自ら適切な判断ができる能力を備えましょう！"
農,"応用生物化","化学工学","片桐　誠之","適宜レポートを課し、平常点として加味する。評定：定期試験80％＋レポート等による平常点20%。授業回数の3分の2以上の出席に満たない場合は欠格とする。"
農,"応用生物化","応用生物化学実験５","小原　章裕、湊　健一郎","実験操作についての予習（10%），実験態度（40%），データの整理（10%），リポートの内容（40%）で到達目標の内容をどの程度達成できたか総合的に評価し60点以上を合格とする。特に実験は皆勤が原則である。また，リポートでは実験内容が理解できているかをチェックする。"
農,"応用生物化","応用生物化学実験５","小原　章裕、湊　健一郎","実験操作についての予習（10%），実験態度（40%），データの整理（10%），リポートの内容（40%）で到達目標の内容をどの程度達成できたか総合的に評価し60点以上を合格とする。特に実験は皆勤が原則である。また，リポートでは実験内容が理解できているかをチェックする。"
農,"応用生物化","応用生物化学実験６","大場　正春、前林　正弘","全日程への参加を原則とする。
テーマごとに課すレポートの内容で評価を行うが、実験へ取り組む姿勢も加味する。"
農,"応用生物化","応用生物化学実験６","大場　正春、前林　正弘","全日程への参加を原則とする。
テーマごとに課すレポートの内容で評価を行うが、実験へ取り組む姿勢も加味する。"
農,"応用生物化","応用生物化学実験７","林　利哉、長澤　麻央","自主性、探求心、持続性、成功性、データの解析能力や判断力、レポートの作成能力などを総合的に評価します。当然ですが、原則全出席、かつレポートを提出してはじめて成績評価の対象となります。"
農,"応用生物化","応用生物化学実験７","林　利哉、長澤　麻央","自主性、探求心、持続性、成功性、データの解析能力や判断力、レポートの作成能力などを総合的に評価します。当然ですが、原則全出席、かつレポートを提出してはじめて成績評価の対象となります。"
農,"応用生物化","公衆衛生学","林　櫻松","テスト70%  受講態度（積極的参加・マナー）30%で評価する。"
農,"応用生物化","ゼミナール１","加藤　雅士、志水　元亨","プレゼンテーション（英文読解力，内容の理解度，発表能力）70%
平常点（ディスカッションへの参加姿勢）20％
提出物（ハンドアウト、翻訳文）10％"
農,"応用生物化","ゼミナール１","氏田　稔、奥村　裕紀","　プレゼンテーション（75%）、テスト（20%）、受講態度（5%）などによって総合評価する。"
農,"応用生物化","ゼミナール１","小原　章裕、湊　健一郎","全員が交替で外書を購読する。文献翻訳力，専門基礎知識の習得度合，資料作りによるプレゼンテーション能力，これら事前の準備の度合いをそれぞれ100点満点で個々に評価し，合計点を100点満点に換算し点数化する。60点以上が合格。"
農,"応用生物化","ゼミナール１","林　利哉、長澤　麻央","自主性、探求性、協調性、持続性、責任感等を含めた研究室員として臨む態度および姿勢をそれぞれ点数化し、合計100点満点で評価する。"
農,"応用生物化","ゼミナール１","山口　秀明","（1）文献読解能力の向上(20%)　（2）パワーポイントによるプレゼンテーション能力の向上(20%)　（3）文献理解への取り組み方の態度の向上(30%)　（4）既履修の実験の理解の向上(30%)　を見て総合的に評価する。"
農,"応用生物化","ゼミナール１","松儀　真人、濱本　博三","学習理解度（25％）、質疑応答内容（25％）、発表姿勢（50％）により評価する。"
農,"応用生物化","ゼミナール１","大場　正春、前林　正弘","ゼミナールへの取り組み態度および内容の理解度、発表内容を同等に評価する。"
農,"応用生物化","ゼミナール２","加藤　雅士、志水　元亨","内容の理解度（50％），発表能力（20％），討議への参加態度などの平常点（30％）などを総合的に判断する。"
農,"応用生物化","ゼミナール２","氏田　稔、奥村　裕紀","　プレゼンテーション（75%）、テスト（20%）、受講態度（5%）などによって総合評価する。"
農,"応用生物化","ゼミナール２","小原　章裕、湊　健一郎","研究室で行う事が中心なので（自宅ではできないので）自発的取り組み，目的を達成するための計画性，各自の研究テーマに関する基礎知識（即ち到達目標5項目）の到達度を個々に評価し合計し，合算して合計点を100点満点に換算し合格点が60点以上を合格とする。"
農,"応用生物化","ゼミナール２","林　利哉、長澤　麻央","自主性、探求性、協調性、持続性、責任感等を含めた研究室員として臨む態度および姿勢をそれぞれ点数化し、合計100点満点で評価する。"
農,"応用生物化","ゼミナール２","山口　秀明","（1）文献読解能力の向上(20%)　（2）パワーポイントによるプレゼンテーション能力の向上(20%)　（3）文献理解への取り組み方の態度の向上(30%)　（4）既履修の実験の理解の向上(30%)　を見て総合的に評価する。"
農,"応用生物化","ゼミナール２","松儀　真人、濱本　博三","学習理解度（25％）、質疑応答内容（25％）、発表姿勢（50％）により評価する。"
農,"応用生物化","ゼミナール２","大場　正春、前林　正弘","日常の演習態度と発表内容を同等に評価する。"
農,"応用生物化","卒業研究","加藤　雅士、志水　元亨","研究に対する取り組み姿勢（50％）を重視する。平常の研究態度（10％）や、論理的に考え、主体的に研究を行っているか（10％）どうかなどを総合的に評価する。中間発表会などでは、発表内容（20％）他の学生野研究に対する質問やコメントなど（10％）も評価の対象である。"
農,"応用生物化","卒業研究","氏田　稔、奥村　裕紀","　卒業論文の内容（50%）、卒業研究発表の内容（30%）、研究の理解度（10%）、実験技法の習熟度（5%）、研究に対する姿勢（5%）などによって総合評価する。"
農,"応用生物化","卒業研究","小原　章裕、湊　健一郎","到達目標に記載された内容に沿って1）自発的な取り組み，2）計画性，3）実際の実験態度，4）得られたデータの解析，5）論文としてまとめる能力，6）プレゼンテーション力について個々に100点満点で評価し合算する。総計を100点満点に換算し，60点以上を合格とする。"
農,"応用生物化","卒業研究","林　利哉、長澤　麻央","研究成果、論文完成度はもとより、協調性、自主性、責任感、探求心、持続性、成功性、整理能力、判断能力等を点数化し、合計100点満点で評価します。"
農,"応用生物化","卒業研究","山口　秀明","（1）文献読解能力の向上(20%)　（2）実験技術の向上(20%)　（3）研究に接する態度の向上(20%)　（4）プレゼンテーション能力の向上(20%)　（5）論文作成能力の向上(20%)　の度合いを見ながら総合的に評価する。"
農,"応用生物化","卒業研究","松儀　真人、濱本　博三","卒業論文実験の取組状況（50％）と、卒業論文（発表及び質疑応答能力も含む：50％）により評価する。"
農,"応用生物化","卒業研究","大場　正春、前林　正弘","卒業研究は極めて長期にわたるものであり、3年生までの講義や実験のように与えられたものをこなすだけのものではない。自ら計画し、生じた問題を自ら克服していかなければならないものである。これは学生諸君にとってはこれまで経験したことのない困難な課題であろう。しかし、自らの力でこの困難を克服して卒論をまとめ上げたとき、その経験はこれからの人生において大きな自信となることであろう。"
農,"生物環境科","生物環境科学実習","日野　輝明、新妻　靖章、汪　光熙、長田　典之、田村　廣人、船隈　透、近藤　歩、礒井　俊行、村野　宏達、大浦　健、丸山　宏、橋本　啓史","実習レポート（80点），ポスター発表（10点），積極的な学習態度（10点）で評価する。"
農,"生物環境科","環境基礎理論","大浦　健、村野　宏達","宿題・中間試験など（40%）：各講義内容の理解度を確認します。
試験（60%）：講義内容の基礎的事項および応用的思考で総合的に評価します。"
農,"生物環境科","生物環境科学演習１","大浦　健、村野　宏達","講義中の演習問題・宿題・中間試験など（80%）：各講義内容の理解度を確認します。
試験（20%）：講義内容の基礎的事項および応用的思考
で総合的に評価します。"
農,"生物環境科","生物学実験","新妻　靖章、船隈　透、汪　光熙、長田　典之、近藤　歩、礒井　俊行、村野　宏達","原則として欠席は認めません．特別な理由により欠席する場合は，欠席届を必ず提出すること．無断欠席があった場合には，欠格となります．
実験レポート(90％)，平常点（実験態度等）(10％)により評価します．
実験レポートは，実験テキストにあるレポートの書き方に従っているか，実験内容をきちんと理解しているかという観点から主に評価します．平常点は，積極的に実験に参加しているかという観点から主に評価します．"
農,"生物環境科","英会話初級１","山添　直樹","クラスワークや宿題・課題などを十分にこなしたうえで、試験結果を中心として、主として英語力に向上が見られたかどうかによって、総合的に判断する（成績評価の配分は、クラスワーク20%、試験80%とする）。"
農,"生物環境科","英会話中級１","菅原　裕子","クラスワークや宿題・課題などを十分にこなしたうえで、試験結果を中心として、主として英語力に向上が見られたかどうかによって、総合的に判断する（成績評価の配分は、クラスワーク20%、試験80%とする）。"
農,"生物環境科","英会話上級１","伊藤　省三","クラスワークや宿題・課題などを十分にこなしたうえで、試験結果を中心として、主として英語力に向上が見られたかどうかによって、総合的に判断する（成績評価の配分は、クラスワーク20%、試験80%とする）。"
農,"生物環境科","生物学１","山本　誉士","平常点：10％、小テスト：20％、試験70％とする。平常点は講義の参加状況、質問頻度から総合的に判断する。また講義回数の3分の1以上を欠席した場合は欠格とする。"
農,"生物環境科","化学１","小島　一光","定期試験の結果を基本にして判定する。また、自主学習など日頃の学習状況の成果も評価したいので、試験ではノートの持込を許可したい。原則として出席点は評価に含めない。"
農,"生物環境科","英語初級１","鬼頭　修","クラスワークや宿題・課題などを十分にこなしたうえで、試験結果を中心として、主として英語力に向上が見られたかどうかによって、総合的に判断する（成績評価の配分は、クラスワーク30%、試験70%とする）。
【注意】本科目の単位を取得するためには、WebClassの「農学英語2017（1年）」において、「農学英単Level 1」のテストプログラムを受験し、指定期日までに必ず合格点に達していなければならない。なお、合格点に達していない場合は、欠格として処理する。"
農,"生物環境科","英語中級１","平石　順久","クラスワークや宿題・課題などを十分にこなしたうえで、試験結果を中心として、主として英語力に向上が見られたかどうかによって、総合的に判断する（成績評価の配分は、クラスワーク30%、試験70%とする）。
【注意】本科目の単位を取得するためには、WebClassの「農学英語2017（1年）」において、「農学英単Level 1」のテストプログラムを受験し、指定期日までに必ず合格点に達していなければならない。なお、合格点に達していない場合は、欠格として処理する。"
農,"生物環境科","英語上級１","安原　和也","クラスワークや宿題・課題などを十分にこなしたうえで、試験結果を中心として、主として英語力に向上が見られたかどうかによって、総合的に判断する（成績評価の配分は、クラスワーク30%、試験70%とする）。
【注意】本科目の単位を取得するためには、WebClass の「農学英語2017（1 年）」において、「農学英単Level 1」のテストプログラムを受験し、指定期日までに必ず合格点に達していなければならない。なお、合格点に達していない場合は、欠格として処理する。"
農,"生物環境科","物理学","香田　忍","　小テスト（30%）：必要に応じて随時、講義内容の理解度を確認する
　試験（70%）　　：講義内容の基礎的事項80%、応用問題20%
　出席点は加点要素としないが、授業回数の10回以上欠席した場合は欠格とする"
農,"生物環境科","情報機器の操作１","大嶽　麻里子","講義時の提出物・講義中に出題する課題で評価する。
正当な理由のない欠席は1回でも欠格とする。正当な理由のない遅刻は2回目で欠格とする。"
農,"生物環境科","情報機器の操作２","丹羽　直美","講義時の提出物・講義中に出題する課題で評価する
正当な理由のない欠席は1回でも欠格とする
正当な理由のない遅刻は2回目で欠格とする"
農,"生物環境科","健康・スポーツ科学１","山口　清、長崎　大、塩見　哲大","授業に取り組む姿勢や態度70％、体力の向上や技術の達成度10％、そして体力測定終了後レポート提出を義務付け評価のウエイトとして20％とする。"
農,"生物環境科","生態学","日野　輝明","授業で学んだことをただ単に覚えるのではなく、テーマに基づいて論理的かつオリジナリティのある文章にまとめる能力を培います。"
農,"生物環境科","生物環境科学概説","汪　光熙、長田　典之、日野　輝明、新妻　靖章、大浦　健、礒井　俊行、村野　宏達、船隈　透、近藤　歩、田村　廣人、丸山　宏、橋本　啓史","各教員が各々のレポートなどを評価し、総合点を100点に換算する方法で評価します。"
農,"生物環境科","化学２","小島　一光","定期試験の結果を基本にして判定する。また、自主学習など日頃の学習状況の成果も評価したいので、試験ではノートの持込を許可すると程です。原則として出席点は評価に含めません。"
農,"生物環境科","英会話初級２","山添　直樹","クラスワークや宿題・課題などを十分にこなしたうえで、試験結果を中心として、主として英語力に向上が見られたかどうかによって、総合的に判断する（成績評価の配分は、クラスワーク20%、試験80%とする）。
【注意】受講生は、TOEICまたはTOEIC-IPを自ら受験し、スコアシートのコピーを必ず１回提出すること。なお、「優」評価を得るためには、クラスワーク等に加えて、TOEICまたはTOEIC-IPにおいて、500点以上のスコアを提出する必要がある。いずれの締め切りも、１月の最終授業日までとし、コピーの提出がない場合は、欠格として処理する。"
農,"生物環境科","英会話中級２","菅原　裕子","クラスワークや宿題・課題などを十分にこなしたうえで、試験結果を中心として、主として英語力に向上が見られたかどうかによって、総合的に判断する（成績評価の配分は、クラスワーク20%、試験80%とする）。
【注意】受講生は、TOEICまたはTOEIC-IPを自ら受験し、スコアシートのコピーを必ず１回提出すること。なお、「優」評価を得るためには、クラスワーク等に加えて、TOEICまたはTOEIC-IPにおいて、500点以上のスコアを提出する必要がある。いずれの締め切りも、１月の最終授業日までとし、コピーの提出がない場合は、欠格として処理する。"
農,"生物環境科","英会話上級２","伊藤　省三","クラスワークや宿題・課題などを十分にこなしたうえで、試験結果を中心として、主として英語力に向上が見られたかどうかによって、総合的に判断する（成績評価の配分は、クラスワーク20%、試験80%とする）。
【注意】受講生は、TOEICまたはTOEIC-IPを自ら受験し、スコアシートのコピーを必ず１回提出すること。なお、「優」評価を得るためには、クラスワーク等に加えて、TOEICまたはTOEIC-IPにおいて、500点以上のスコアを提出する必要がある。いずれの締め切りも、１月の最終授業日までとし、コピーの提出がない場合は、欠格として処理する。"
農,"生物環境科","化学実験","近藤　歩、礒井　俊行、大浦　健、船隈　透、村野　宏達、田村　廣人","全ての実験に出席し、レポートを全て提出したものに単位を与える。実験中の態度、およびレポートの内容どちらも同等に重視する。"
農,"生物環境科","化学実験","近藤　歩、礒井　俊行、大浦　健、船隈　透、村野　宏達、田村　廣人","全ての実験に出席し、レポートを全て提出したものに単位を与える。実験中の態度、およびレポートの内容どちらも同等に重視する。"
農,"生物環境科","英語初級２","鬼頭　修","クラスワークや宿題・課題などを十分にこなしたうえで、試験結果を中心として、主として英語力に向上が見られたかどうかによって、総合的に判断する（成績評価の配分は、クラスワーク30%、試験70%とする）。
【注意】本科目の単位を取得するためには、WebClassの「農学英語2017（1年）」において、「農学英単Level 2」のテストプログラムを受験し、指定期日までに必ず合格点に達していなければならない。なお、合格点に達していない場合は、欠格として処理する。"
農,"生物環境科","英語中級２","安原　和也","クラスワークや宿題・課題などを十分にこなしたうえで、試験結果を中心として、主として英語力に向上が見られたかどうかによって、総合的に判断する（成績評価の配分は、クラスワーク30%、試験70%とする）。
【注意】本科目の単位を取得するためには、WebClass の「農学英語2017（1 年）」において、「農学英単Level 2」のテストプログラムを受験し、指定期日までに必ず合格点に達していなければならない。なお、合格点に達していない場合は、欠格として処理する。"
農,"生物環境科","英語上級２","平石　順久","クラスワークや宿題・課題などを十分にこなしたうえで、試験結果を中心として、主として英語力に向上が見られたかどうかによって、総合的に判断する（成績評価の配分は、クラスワーク30%、試験70%とする）。
【注意】本科目の単位を取得するためには、WebClassの「農学英語2017（1年）」において、「農学英単Level 2」のテストプログラムを受験し、指定期日までに必ず合格点に達していなければならない。なお、合格点に達していない場合は、欠格として処理する。"
農,"生物環境科","生物化学１","船隈　透","成績評価：定期試験70％，宿題レポート30％
授業回数の3分の2以上の出席に満たない場合は欠格とする。
評価基準：生体構成成分の化学的特徴を理解している。"
農,"生物環境科","生物学２","水谷　友一","筆記試験の点数を基本とし，これに平常の出席点を加味して１００点満点とする。試験：範囲指定なしで実施する。記憶力だけでなく，講義の内容を基にした思考力を問う試験を行う。また，講義内容理解のための小テストを行い，成績評価に加味する。出席：毎回出席を確認するわけではないが，複数回にわたって行う小テストから出席点を加味する予定である。また、講義回数の三分の一以上を欠席した場合は欠格とする。"
農,"生物環境科","健康・スポーツ科学２","山口　清、長崎　大、塩見　哲大","健康･スポーツ科学2は実技と理論（試験）を6対4とする。実技は85％、体力の向上や技術の達成度15％とする。理論は試験が80％、平常点20％とする。"
農,"生物環境科","情報機器の操作２","安田　倫代","講義時の提出物・講義中に出題する課題で評価する
正当な理由のない欠席は1回でも欠格とする。正当な理由のない遅刻は2回目で欠格とする"
農,"生物環境科","情報機器の操作３","丹羽　直美","講義時の提出物・講義中に出題する課題で評価する
正当な理由のない欠席は1回でも欠格とする。正当な理由のない遅刻は2回目で欠格とする"
農,"生物環境科","無機化学","鈴木　和博","試験（70％）：講義内容全般から出題する。小テスト・演習など（30％）：毎回の講義内容の理解度を確認する。
小テスト、演習、授業態度および定期試験による総合評価で成績を決定する。出席は加点要素とはしない。特段の事情がない限り授業回数の３分の１以上の欠席で試験の受験資格を喪失するものとする。"
農,"生物環境科","植物分類学","長田　典之","小テスト、リポート、定期試験の結果を総合して成績とする。
なお総講義数の3分の２以下の出席回数の場合は欠格とする。"
農,"生物環境科","農場実習","中尾　義則、森田　隆史、林　義明、森田　裕将、片山　好春","実習目的、方法及び対象動植物の特性等を理解しているか、その理解に基づいて適正かつ意欲的に作業しているか、観察は十分か等を評価する（70点）とともに、毎回課しているレポートの内容を考慮（30点）して評価する。"
農,"生物環境科","農場実習","中尾　義則、森田　隆史、林　義明、森田　裕将、片山　好春","実習目的、方法及び対象動植物の特性等を理解しているか、その理解に基づいて適正かつ意欲的に作業しているか、観察は十分か等を評価する（70点）とともに、毎回課しているレポートの内容を考慮（30点）して評価する。"
農,"生物環境科","生物環境科学実験１","日野　輝明、新妻　靖章、汪　光熙、長田　典之","
1. 特になし




"
農,"生物環境科","生物環境科学実験１","日野　輝明、新妻　靖章、汪　光熙、長田　典之","
1. 特になし




"
農,"生物環境科","保全植物学","汪　光熙","講義内容を常に自分の生活（衣食住）と結びつけて考えてみること。講義中の退席・私語は厳禁。"
農,"生物環境科","環境分析化学","大浦　健","試験　　80%
提出物　20%
ただし、出席回数が3分の2以下の場合は欠格とする。"
農,"生物環境科","生物化学２","船隈　透、近藤　歩","成績評価穂方法：定期試験８０％，課題レポート２０％で評価する。
授業回数の3分の2以上の出席に満たない場合は欠格とする。
評価基準：生体のエネルギー源分子とギブズ自由エネルギー変化を理解する。"
農,"生物環境科","ランドスケープ・デザイン学","丸山　宏","定期試験の成績（80％）と授業中の複数回実施する小テスト（20％）で総合的に評価する。"
農,"生物環境科","生物統計学","日野　輝明、橋本　啓史","
1. Rcommanderによるデータ解析[第２版]

                                        大森崇・阪田真己子・宿久洋

					共立出版

2. 統計学の基礎ーカラーイメージで学ぶ

                                        市原清志・佐藤正一

					日本教育研究センター
"
農,"生物環境科","英会話初級３","BARNES TIMOTHY J","平常点（クラス参加，グループ作業）３０％　授業発表　２０％　クイズ（テスト）３０％　宿題／レポート　２０％"
農,"生物環境科","英語中級３","松原　知津子","クラスワークや宿題・課題などを十分にこなしたうえで、試験結果を中心として、主として英語力に向上が見られたかどうかによって、総合的に判断する（成績評価の配分は、クラスワーク20%、試験80%とする）。
【注意】本科目の単位を取得するためには、WebClassの「農学英語2017（2年）」において、「農学英単Level 3」のテストプログラムを受験し、指定期日までに必ず合格点に達していなければならない。なお、合格点に達していない場合は、欠格として処理する。"
農,"生物環境科","英会話上級３","BROOKS William","Mid-term test: 25%: Final test: 25%;  Presentations 30%; Homework, effort, participation, attitude: 20%"
農,"生物環境科","生物環境科学演習２","新妻　靖章","演習時間の課題（50点）とレポート（50点）の合計100点で評価します．
科学論文として，わかりやすい日本語が書くことができているか，論理的な構成ができているか，について評価します。"
農,"生物環境科","有機化学","田村　廣人","評価は、定期試験（100%）で行います。定期試験は、記憶力ではなく講義内容をもとにした思考力を問う問題です。出席回数が3分の2以下の場合は欠格とします。"
農,"生物環境科","英語初級３","加藤　佳子","クラスワークや宿題・課題などを十分にこなしたうえで、試験結果を中心として、主として英語力に向上が見られたかどうかによって、総合的に判断する（成績評価の配分は、クラスワーク20%、試験80%とする）。
【注意】本科目の単位を取得するためには、WebClassの「農学英語2017（2年）」において、「農学英単Level 3」のテストプログラムを受験し、指定期日までに必ず合格点に達していなければならない。なお、合格点に達していない場合は、欠格として処理する。"
農,"生物環境科","英会話中級３","BARNES TIMOTHY J","平常点（クラス参加，グループ作業）３０％　授業発表　２０％　クイズ（テスト）３０％　宿題／レポート　２０％"
農,"生物環境科","英語上級３","大橋　真砂子","クラスワークや宿題・課題などを十分にこなしたうえで、試験結果を中心として、主として英語力に向上が見られたかどうかによって、総合的に判断する（成績評価の配分は、クラスワーク20%、試験80%とする）。
【注意】本科目の単位を取得するためには、WebClassの「農学英語2017（2年）」において、「農学英単Level 3」のテストプログラムを受験し、指定期日までに必ず合格点に達していなければならない。なお、合格点に達していない場合は、欠格として処理する。"
農,"生物環境科","植物栄養学","船隈　透","成績評価方法：定期試験８０％，宿題レポート２０％。
授業回数の3分の2以上の出席に満たない場合は欠格とする。
評価基準：植物にとって必須の無機栄養成分の重要性，植物の光合成・窒素同化・硫黄同化の機構，および全生命体のエネルギー源としての植物の重要性を理解する。"
農,"生物環境科","植物生命化学","近藤　歩","講義回数の3分の2以上は必ず出席すること。その上で、定期試験の結果を成績評価とする。"
農,"生物環境科","分子生物学","兒島　孝明","筆記試験の点数を基本としした上で、平常の出席点を加味して１００点満点とします。試験：原則的に範囲指定なしで実施します。基本的な用語のみを問う記憶力だけでなく、講義内容を基にした思考力をも問う試験問題を出題します。これに加えて、講義内容理解のための小テストを行い、この点数は成績評価に加味します。出席：毎回出席を確認するわけではありませんが、複数回にわたって行う小テストから出席点を加味する予定です。"
農,"生物環境科","環境動物学","日野　輝明","授業で学んだことをただ単に覚えるのではなく、テーマに基づいて論理的かつオリジナリティのある文章にまとめる能力を培います。"
農,"生物環境科","進化生物学","新妻　靖章","レポート（50点）と試験（50点）の合計100点で評価します．ただし，レポートと試験の両者とも25点以上で，合計60点以上で合格とする．本講義は4つの部分に分けることができます．生物進化と分類，発生学，遺伝学，および動物の行動です．それぞれの分野ごとにの基礎知識を身につけ，それぞれの分野間の生物進化における相互作用を理解が評価の基準となります．"
農,"生物環境科","物質循環論","礒井　俊行","試験100％。ただし，出席回数が3分の2以下の場合は欠格とする."
農,"生物環境科","英会話初級４","BARNES TIMOTHY J","平常点（クラス参加，グループ作業）３０％　授業発表　２０％　クイズ（テスト）３０％　宿題／レポート　２０％"
農,"生物環境科","英語中級４","松原　知津子","クラスワークや宿題・課題などを十分にこなしたうえで、試験結果を中心として、主として英語力に向上が見られたかどうかによって、総合的に判断する（成績評価の配分は、クラスワーク20%、試験80%とする）。
【注意】本科目の単位を取得するためには、WebClassの「農学英語2017（2年）」において、「農学英単Level 4」のテストプログラムを受験し、指定期日までに必ず合格点に達していなければならない。なお、合格点に達していない場合は、欠格として処理する。"
農,"生物環境科","英会話上級４","BROOKS William","Mid-term test: 25%: Final test: 25%;  Presentations 30%; Homework, effort, participation, attitude: 20%"
農,"生物環境科","土壌学","村野　宏達","宿題（20%）：各講義内容の理解度を確認します。
中間試験（30%）：講義内容の基礎的事項60%、応用問題40%
試験（50%）：講義内容の基礎的事項60%、応用問題40%
で総合的に評価します。"
農,"生物環境科","緑地環境学","橋本　啓史","講義内容に関する試験の成績（６０％）と現地調査にも基づくレポート（４０％）で評価する。レポート課題の提出がない場合は、定期試験の受験を認めない。"
農,"生物環境科","水圏環境化学","大八木　麻希","簡易な実習レポート30点
レポート試験70点"
農,"生物環境科","英語初級４","加藤　佳子","クラスワークや宿題・課題などを十分にこなしたうえで、試験結果を中心として、主として英語力に向上が見られたかどうかによって、総合的に判断する（成績評価の配分は、クラスワーク20%、試験80%とする）。
【注意】本科目の単位を取得するためには、WebClassの「農学英語2017（2年）」において、「農学英単Level 4」のテストプログラムを受験し、指定期日までに必ず合格点に達していなければならない。なお、合格点に達していない場合は、欠格として処理する。"
農,"生物環境科","英会話中級４","BARNES TIMOTHY J","平常点（クラス参加，グループ作業）３０％　授業発表　２０％　クイズ（テスト）３０％　宿題／レポート　２０％"
農,"生物環境科","英語上級４","大橋　真砂子","クラスワークや宿題・課題などを十分にこなしたうえで、試験結果を中心として、主として英語力に向上が見られたかどうかによって、総合的に判断する（成績評価の配分は、クラスワーク20%、試験80%とする）。
【注意】本科目の単位を取得するためには、WebClassの「農学英語2017（2年）」において、「農学英単Level 4」のテストプログラムを受験し、指定期日までに必ず合格点に達していなければならない。なお、合格点に達していない場合は、欠格として処理する。"
農,"生物環境科","環境微生物学","田村　廣人","評価は、定期試験（100%）で行います。定期試験は、記憶力ではなく講義内容をもとにした思考力を問う問題です。出席回数が3分の2以下の場合は欠格とします。"
農,"生物環境科","環境法","鎌田　邦彦","授業参加度（出席）２０％と試験８０％"
農,"生物環境科","森林生態学","石井　弘明","出席50％;　授業参加・宿題30％，テスト20％"
農,"生物環境科","環境土壌学","村野　宏達","宿題（20%）：各講義内容の理解度を確認します。
中間試験（30%）：講義内容の基礎的事項60%、応用問題40%
試験（50%）：講義内容の基礎的事項60%、応用問題40%
で総合的に評価します。"
農,"生物環境科","ランドスケープ・デザイン演習","丸山　宏、橋本　啓史","提出された各演習課題の図面により、個々に成績評価を行った後、総合的に成績評価を行う。"
農,"生物環境科","ランドスケープ・デザイン演習","丸山　宏、橋本　啓史","提出された各演習課題の図面により、個々に成績評価を行った後、総合的に成績評価を行う。"
農,"生物環境科","植物環境適応論","長田　典之","小テスト、リポート、定期試験の結果を総合して成績とする。
なお総講義数の3分の２以下の出席回数の場合は欠格とする。"
農,"生物環境科","緑地材料学","橋本　啓史","造園植物の植栽・管理に関する基礎的知識を確認する試験の成績（50％）と11回の樹木知識（種名、学名、科名）に関する小テスト（40％）、講義中の樹木紹介プレゼンテーション（10%）で評価する。なお、プレゼンテーションを済ました者のみにしか試験の受験を認めない。"
農,"生物環境科","植物生理学","近藤　歩","講義回数の3分の2以上は必ず出席すること。その上で、定期試験の結果を成績評価とする。"
農,"生物環境科","肥料学","礒井　俊行","試験100％．ただし、出席回数が3分の2以下の場合は欠格とする．"
農,"生物環境科","科学英語１","安原　和也","クラスワークや宿題・課題などを十分にこなしたうえで、科学英語力および学術英語力にさらなる向上が見られたかどうかによって、総合的に判断する。成績評価の配分は、クラスワーク（小テストを含む）50%、試験（レポート試験または筆記試験）50%とする。"
農,"生物環境科","科学英語１","石川　淳子","試験１００％。ただし出席回数が３分の２以下の場合は欠格とする。試験：記憶力でなく講義内容を基にした思考力を問う。出席：毎回出席を取る。"
農,"生物環境科","細胞分子生物学","田村　廣人","評価は、定期試験100%で行います。定期試験は、記憶力ではなく講義内容をもとにした思考力を問う問題です。出席回数が3分の2以下の場合は欠格とします。"
農,"生物環境科","科学英語１","大橋　真砂子","小テスト（20%）、授業中の課題（20%）、定期試験（60%）"
農,"生物環境科","植物繁殖生態学","汪　光熙","平常点(20％)と学力試験成績(80％)を併用して評価する。"
農,"生物環境科","オープン・スペース論","丸山　宏","定期試験の成績（80％）と授業中の複数回実施する小テスト（20％）で総合的に評価する。"
農,"生物環境科","動物環境生理学","新妻　靖章","成績は定期試験のみによって評価します．生理学の基礎知識の修得と大きさの概念の理解度が評価基準となります．"
農,"生物環境科","機器分析化学","大浦　健","試験　100%
ただし出席回数が3分の2以下の場合は欠格とする。"
農,"生物環境科","植物機能科学","船隈　透","成績評価：定期試験100％。ただし，授業回数の3分の2以上の出席に満たない場合は欠格とする。
成績評価基準：さまざまな環境に対する植物の適応について説明できる。"
農,"生物環境科","科学英語２","安原　和也","クラスワークや宿題・課題などを十分にこなしたうえで、科学英語力および学術英語力にさらなる向上が見られたかどうかによって、総合的に判断する。成績評価の配分は、クラスワーク（小テストを含む）50%、試験（レポート試験または筆記試験）50%とする。"
農,"生物環境科","情報科学","満留　みちる","単元別課題（４～５回程度、授業中に出します）-20%、総合課題（１回、授業中に出します）-80%で評価します。　"
農,"生物環境科","科学英語２","石川　淳子","試験１００％。ただし出席回数が３分の２以下の場合は欠格とする。試験：記憶力でなく講義内容を基にした思考力を問う。出席：毎回出席を取る。"
農,"生物環境科","科学英語２","大橋　真砂子","小テスト（20%）、授業中の課題（20%）、定期試験（60%）"
農,"生物環境科","生物環境科学実験２","礒井　俊行、大浦　健、田村　廣人、船隈　透、近藤　歩、村野　宏達","予習（50％）およびレポート（50％）を評価します。予習は，毎回の実施する実験の目的，方法及び結果の予測を作成してください．レポートは，毎回の実験内容の理解度を結果の考察をもとに確認します。出席は，加点要素としませんが，遅刻・欠席は，原則として欠格とします。"
農,"生物環境科","生物環境科学実験２","礒井　俊行、大浦　健、田村　廣人、船隈　透、近藤　歩、村野　宏達","予習（50％）およびレポート（50％）を評価します。予習は，毎回の実施する実験の目的，方法及び結果の予測を作成してください．レポートは，毎回の実験内容の理解度を結果の考察をもとに確認します。出席は，加点要素としませんが，遅刻・欠席は，原則として欠格とします。"
農,"生物環境科","野生動物管理論","安藤　正規、森部　絢嗣、森元　萌弥","３名の研究者がそれぞれの専門分野での知見・経験をベースに講義を行います。"
農,"生物環境科","環境アセス論","丹羽　英之、増澤　直","レポート100％。ただし、出席回数が3分の2以下の場合は欠格とする。"
農,"生物環境科","ゼミナール１","汪　光熙、長田　典之","各報告や平常点などを考慮して総合的に評価する。"
農,"生物環境科","ゼミナール１","日野　輝明、新妻　靖章","実験計画を作成するときには、自然環境を十分に考慮すること。他の人の発表に対して、積極的に質問して議論に加わること。"
農,"生物環境科","ゼミナール１","丸山　宏、橋本　啓史","ゼミナールでの発表内容とディスカッションの内容及び提出課題により総合的に評価する。"
農,"生物環境科","ゼミナール１","大浦　健","平常点　（50%）：授業態度等
発表　（50%）：実験や論文の発表、討論内容
欠席は原則認めない。"
農,"生物環境科","ゼミナール１","船隈　透、近藤　歩","演習への取り組み50％, 英文読解力50％で評価する。"
農,"生物環境科","ゼミナール１","礒井　俊行、村野　宏達","　テキスト読解への努力度（80％）、受講・発表態度（20％）をもとに総合的に評価する。また、小テストの結果を加味する場合がある。"
農,"生物環境科","ゼミナール１","田村　廣人","後期より，4年生が発表する英語の論文の要約を和訳したものと，教員の訳をもとに各自が添削したものをそれぞれ提出します．また，卒業研究のための予備・基礎実験の結果をパワーポイントを使って発表します．これらをもとに，成績の評価は，平常点（英語論文の要約・添削/発言・質問頻度/課題への取り組み姿勢）55％，科学的知識15％，仮設設定能力15％，問題解決能力15％とし評価します．
出席回数が3分の2以下の場合は欠格とする．"
農,"生物環境科","ゼミナール２","汪　光熙、長田　典之","報告などに当っては、担当教員に相談し十分とりまとめておくこと。"
農,"生物環境科","ゼミナール２","日野　輝明、新妻　靖章","実験計画を作成するときには、自然環境を十分に考慮すること。他の人の発表に対して、積極的に質問して議論に加わること。"
農,"生物環境科","ゼミナール２","丸山　宏、橋本　啓史","ゼミナールでの発表内容とディスカッションの内容及び提出課題により総合的に評価する。"
農,"生物環境科","ゼミナール２","大浦　健","平常点　（50%）：授業態度等
発表　（50%）：実験や論文の発表、討論内容"
農,"生物環境科","ゼミナール２","船隈　透、近藤　歩","英文演習への取り組み５0％, 卒業研究進捗状況の発表演習５0％で評価する。"
農,"生物環境科","ゼミナール２","礒井　俊行、村野　宏達","卒業研究の結果の解析・解釈の程度（40%)、研究・文献紹介の質（40%)、受講・発表態度（20％）をもとに総合的に評価する。"
農,"生物環境科","ゼミナール２","田村　廣人","卒業研究テーマに関連する英語の論文の査読およびパワーポイントをによる発表（3回／人／半期）と各自の卒業研究の内容も発表します。また、毎回、発表者全員の英語の論文の要約を和訳したものと、教員の訳をもとに各自が添削したものをそれぞれ提出します。これらをもとに、成績の評価は、出席（質問等によるクラス参加）40％、科学的知識15％、仮設設定能力15％、問題解決能力15％およびプレゼンテーション能力15％として評価します。
出席回数が3分の2以下の場合は欠格とします。"
農,"生物環境科","卒業研究","汪　光熙、長田　典之","研究期間は短いが、成果の達成には長時間が必要なので計画的にとり組むこと。またアルバイトや就職活動の名のもとに研業研究を疎かにすることなく、日々の実験に真剣にとり組むこと。"
農,"生物環境科","卒業研究","日野　輝明、新妻　靖章","
1. 特になし




"
農,"生物環境科","卒業研究","丸山　宏、橋本　啓史","研究調査におけるプロセスの発表内容及び提出された卒業研究の完成度により総合的に評価する。"
農,"生物環境科","卒業研究","大浦　健","計画　（20%）、実験（50%）、報告内容（30%）で総合的に評価"
農,"生物環境科","卒業研究","船隈　透、近藤　歩","卒業研究へ取り組む姿勢50％，卒業研究発表20％，卒業研究論文30％で評価する。
評価は，各項目とも
１．植物の環境応答機構の生理・生化学的知識・解析技術を身につける。
２．植物の課題に対する展開力・判断力・洞察力・創造力・実践力を身につける。
３．プレゼンテーション能力やコミュニケーション能力を身につける。
の視点で行う。"
農,"生物環境科","卒業研究","礒井　俊行、村野　宏達","自主性、積極性、探求性、協調性など研究に取り組む姿勢（80％）に重点をおき、かつ、研究成果（20%)をも考慮して総合的に評価する。"
農,"生物環境科","卒業研究","田村　廣人","下記基準に従って、実験能力60％、科学的知識10％、仮設設定能力10％、問題解決能力10％およびプレゼンテーション能力10％として評価します。尚，原則として毎日出席ですが，出席回数が3分の2以下の場合は欠格とする．
＜具体的な評価基準対象＞
1)毎月末の研究発表A4 ２枚／人．２）月間研究報告（枚数制限無し）／人，３）中間発表（6月、ポスター発表A4　9枚／人），４）大学祭（11月、ポスター発表　A3　4枚／人），５）卒業研究（2月、15分／人の口頭発表およびポスター発表A4　9枚／人），６）卒業論文（2月中旬）／人"
農,"生物環境科","生物環境科学特別講義１","汪　光熙","平常点(20％)と学力試験成績(80％)を併用して評価する。"
農,"生物資源","教職入門","野々山　清","レポートの内容(50％)と定期試験(50%)"
農,"生物環境科","教職入門","野々山　清","レポートの内容(50％)と定期試験(50%)"
農,"応用生物化","教職入門","野々山　清","レポートの内容(50％)と定期試験(50%)"
農,"応用生物化","教育原論","嶋口　裕基","定期試験80％、授業内課題20％。教職科目という授業の性質に鑑みて、受講態度によって最大20％の減点をします。また、授業回数の3分の2以上の出席に満たない場合は欠格になります。"
農,"生物資源","教育原論","嶋口　裕基","定期試験80％、授業内課題20％。教職科目という授業の性質に鑑みて、受講態度によって最大20％の減点をします。また、授業回数の3分の2以上の出席に満たない場合は欠格になります。"
農,"生物環境科","教育原論","嶋口　裕基","定期試験80％、授業内課題20％。教職科目という授業の性質に鑑みて、受講態度によって最大20％の減点をします。また、授業回数の3分の2以上の出席に満たない場合は欠格になります。"
農,"生物資源","教育心理学","木村　美奈子","中間レポート20％、最終試験80％"
農,"応用生物化","教育心理学","木村　美奈子","中間レポート20％、最終試験80％"
農,"生物環境科","教育心理学","木村　美奈子","中間レポート20％、最終試験80％"
農,"生物環境科","生涯学習論","片山　信吾","定期試験100％
授業を6回以上欠席した場合は欠格とする。"
農,"応用生物化","生涯学習論","片山　信吾","定期試験100％
授業を6回以上欠席した場合は欠格とする。"
農,"生物資源","生涯学習論","片山　信吾","定期試験100％
授業を6回以上欠席した場合は欠格とする。"
農,"応用生物化","教育課程論","山川　法子","平常点（グループ作業・発表の成果）　60％、授業時に指示する提出物　40％
特段の理由なく3回連続無断欠席もしくは全体の3分の1以上欠席した場合は欠格とする。"
農,"生物環境科","教育課程論","山川　法子","平常点（グループ作業・発表の成果）　60％、授業時に指示する提出物　40％
特段の理由なく3回連続無断欠席もしくは全体の3分の1以上欠席した場合は欠格とする。"
農,"生物資源","教育課程論","山川　法子","平常点（グループ作業・発表の成果）　60％、授業時に指示する提出物　40％
特段の理由なく3回連続無断欠席もしくは全体の3分の1以上欠席した場合は欠格とする。"
農,"生物環境科","生徒・進路指導論","曽山　和彦","・授業後の振り返りシート（30％）
・試験（70％）
・出席は加点とはしないが、3分の1以上の欠席で欠格"
農,"応用生物化","生徒・進路指導論","木村　美奈子","授業参加度（グループワークとレポート）20％、中間レポート30％、最終レポート50％"
農,"生物資源","生徒・進路指導論","木村　美奈子","授業参加度（グループワークとレポート）20％、中間レポート30％、最終レポート50％"
農,"生物環境科","発達心理学","塩﨑　万里","定期試験50％、宿題（小レポート課題）30％、毎回の授業の課題を20％として成績を評価し、好ましくない受講態度は減点の対象とする。
授業回数の3分の１以上を欠席した場合は欠格とする。"
農,"応用生物化","発達心理学","塩﨑　万里","定期試験50％、宿題（小レポート課題）30％、毎回の授業の課題を20％として成績を評価し、好ましくない受講態度は減点の対象とする。
授業回数の3分の１以上を欠席した場合は欠格とする。"
農,"生物資源","発達心理学","塩﨑　万里","定期試験50％、宿題（小レポート課題）30％、毎回の授業の課題を20％として成績を評価し、好ましくない受講態度は減点の対象とする。
授業回数の3分の１以上を欠席した場合は欠格とする。"
農,"生物資源","認知心理学","神谷　俊次","毎回の授業後に実施する講義内容に関するレポート（100%）により評価する。"
農,"応用生物化","認知心理学","神谷　俊次","毎回の授業後に実施する講義内容に関するレポート（100%）により評価する。"
農,"生物環境科","認知心理学","神谷　俊次","毎回の授業後に実施する講義内容に関するレポート（100%）により評価する。"
農,"応用生物化","教育行政論","片山　信吾","定期試験100％
授業を6回以上欠席した場合は、欠格とする。"
農,"生物資源","教育行政論","片山　信吾","定期試験100％
授業を6回以上欠席した場合は、欠格とする。"
農,"生物環境科","教育行政論","片山　信吾","定期試験100％
授業を6回以上欠席した場合は、欠格とする。"
農,"生物資源","教育法規","片山　信吾","定期試験100％
授業を6回以上を欠席した場合は欠格とする。"
農,"応用生物化","教育法規","片山　信吾","定期試験100％
授業を6回以上を欠席した場合は欠格とする。"
農,"生物環境科","教育法規","片山　信吾","定期試験100％
授業を6回以上を欠席した場合は欠格とする。"
農,"生物資源","理科教育法１","野々山　清","レポートの内容(50％)と定期試験(50%)"
農,"生物環境科","理科教育法１","野々山　清","レポートの内容(50％)と定期試験(50%)"
農,"応用生物化","理科教育法１","野々山　清","レポートの内容(50％)と定期試験(50%)"
農,"応用生物化","道徳教育の指導法","塚原　利理","小テスト３０点（道徳教育の歴史、学習指導要領上での位置づけ、道徳性の発達について）、課題レポート７０点（道徳の学習指導案）　"
農,"生物環境科","道徳教育の指導法","塚原　利理","小テスト３０点（道徳教育の歴史、学習指導要領上での位置づけ、道徳性の発達について）、課題レポート７０点（道徳の学習指導案）　"
農,"生物資源","道徳教育の指導法","塚原　利理","小テスト３０点（道徳教育の歴史、学習指導要領上での位置づけ、道徳性の発達について）、課題レポート７０点（道徳の学習指導案）　"
農,"応用生物化","教育方法論","後藤　明史","毎回の授業の終わりに小課題に取り組んでもらう。また，授業の後半に，演習的な要素も盛り込む。小課題（２０％）、演習（３０％）、最終課題（５０％）を総合的に評価する。"
農,"生物資源","教育方法論","後藤　明史","毎回の授業の終わりに小課題に取り組んでもらう。また，授業の後半に，演習的な要素も盛り込む。小課題（２０％）、演習（３０％）、最終課題（５０％）を総合的に評価する。"
農,"生物環境科","教育方法論","後藤　明史","毎回の授業の終わりに小課題に取り組んでもらう。また，授業の後半に，演習的な要素も盛り込む。小課題（２０％）、演習（３０％）、最終課題（５０％）を総合的に評価する。"
農,"生物資源","学校教育相談","曽山　和彦","・授業後の振り返りシート（30％）
・試験（70％）
・出席は加点とはしないが、3分の1以上の欠席で欠格"
農,"生物環境科","学校教育相談","曽山　和彦","・授業後の振り返りシート（30％）
・試験（70％）
・出席は加点とはしないが、3分の1以上の欠席で欠格"
農,"応用生物化","学校教育相談","曽山　和彦","・授業後の振り返りシート（30％）
・試験（70％）
・出席は加点とはしないが、3分の1以上の欠席で欠格"
農,"生物資源","理科教育法２","野々山　清","小テスト等の平常点(50％)と定期試験(50％)
｢物理基礎｣｢化学基礎｣｢生物基礎｣の練習問題を事前に提示し、提示した問題の範囲から出題した小テストを、毎時間実施する。"
農,"生物環境科","理科教育法２","野々山　清","小テスト等の平常点(50％)と定期試験(50％)
｢物理基礎｣｢化学基礎｣｢生物基礎｣の練習問題を事前に提示し、提示した問題の範囲から出題した小テストを、毎時間実施する。"
農,"応用生物化","理科教育法２","野々山　清","小テスト等の平常点(50％)と定期試験(50％)
｢物理基礎｣｢化学基礎｣｢生物基礎｣の練習問題を事前に提示し、提示した問題の範囲から出題した小テストを、毎時間実施する。"
農,"生物環境科","特別活動の指導法","曽山　和彦","・授業後の振り返りシート（30％）
・試験（70％）
・出席は加点とはしないが、3分の1以上の欠席で欠格"
農,"応用生物化","特別活動の指導法","曽山　和彦","・授業後の振り返りシート（30％）
・試験（70％）
・出席は加点とはしないが、3分の1以上の欠席で欠格"
農,"生物資源","特別活動の指導法","曽山　和彦","・授業後の振り返りシート（30％）
・試験（70％）
・出席は加点とはしないが、3分の1以上の欠席で欠格"
農,"生物資源","教育情報論","平山　勉","毎回演習的な要素も盛り込む。演習への積極的な取り組み（40％）及び毎回の授業の振り返りの小課題（30％）、最終課題（30％）を総合的に評価する。"
農,"応用生物化","教育情報論","平山　勉","毎回演習的な要素も盛り込む。演習への積極的な取り組み（40％）及び毎回の授業の振り返りの小課題（30％）、最終課題（30％）を総合的に評価する。"
農,"生物環境科","教育情報論","平山　勉","毎回演習的な要素も盛り込む。演習への積極的な取り組み（40％）及び毎回の授業の振り返りの小課題（30％）、最終課題（30％）を総合的に評価する。"
農,"生物環境科","理科指導法１","野々山　清","平常点１００％
提出した学習指導案、模擬授業の評価、授業検討での発言、小テスト等を総合的に評価する。
｢物理基礎｣｢化学基礎｣｢生物基礎｣の練習問題を事前に提示し、提示した問題の範囲から出題した小テストを、毎時間実施する。"
農,"応用生物化","理科指導法１","野々山　清","平常点１００％
提出した学習指導案、模擬授業の評価、授業検討での発言、小テスト等を総合的に評価する。
｢物理基礎｣｢化学基礎｣｢生物基礎｣の練習問題を事前に提示し、提示した問題の範囲から出題した小テストを、毎時間実施する。"
農,"生物資源","理科指導法１","野々山　清","平常点１００％
提出した学習指導案、模擬授業の評価、授業検討での発言、小テスト等を総合的に評価する。
｢物理基礎｣｢化学基礎｣｢生物基礎｣の練習問題を事前に提示し、提示した問題の範囲から出題した小テストを、毎時間実施する。"
農,"生物資源","農業科教育法","塚本　昭彦","・定期試験６０％：講義内容の基礎的事項40％、応用事項20％　　　　　　　　　　　　　　　　　　　　　　　　　　　　　　　　　　　　　　　　　・課題（予習）・まとめ（復習）レポート２０％：課題（予習）レポート10％、まとめ（復習）レポート10％　　　　　　　　　　　　　　　　　　　　　　　　　　　　　　　　　　　　　　　・授業への参加意欲２０％：発言と質問頻度10％、授業態度と姿勢10％　　　　　　　　　　　　　　　　　　　　　　　　　　　　　　　　　　　　　　　　　　　　　　　　　　　以上を基準とし、総合して評価する。出席は加点要素とはしないが、授業回数の3分の2以上の出席に満たない場合は欠格とする。"
農,"生物環境科","農業科教育法","塚本　昭彦","・定期試験６０％：講義内容の基礎的事項40％、応用事項20％　　　　　　　　　　　　　　　　　　　　　　　　　　　　　　　　　　　　　　　　　・課題（予習）・まとめ（復習）レポート２０％：課題（予習）レポート10％、まとめ（復習）レポート10％　　　　　　　　　　　　　　　　　　　　　　　　　　　　　　　　　　　　　　　・授業への参加意欲２０％：発言と質問頻度10％、授業態度と姿勢10％　　　　　　　　　　　　　　　　　　　　　　　　　　　　　　　　　　　　　　　　　　　　　　　　　　　以上を基準とし、総合して評価する。出席は加点要素とはしないが、授業回数の3分の2以上の出席に満たない場合は欠格とする。"
農,"応用生物化","農業科教育法","塚本　昭彦","・定期試験６０％：講義内容の基礎的事項40％、応用事項20％　　　　　　　　　　　　　　　　　　　　　　　　　　　　　　　　　　　　　　　　　・課題（予習）・まとめ（復習）レポート２０％：課題（予習）レポート10％、まとめ（復習）レポート10％　　　　　　　　　　　　　　　　　　　　　　　　　　　　　　　　　　　　　　　・授業への参加意欲２０％：発言と質問頻度10％、授業態度と姿勢10％　　　　　　　　　　　　　　　　　　　　　　　　　　　　　　　　　　　　　　　　　　　　　　　　　　　以上を基準とし、総合して評価する。出席は加点要素とはしないが、授業回数の3分の2以上の出席に満たない場合は欠格とする。"
農,"生物環境科","理科指導法２","野々山　清","平常点100％
教材研究、授業研究に関する発表、口頭試問・報告書・実技試験等で評価"
農,"応用生物化","理科指導法２","野々山　清","平常点100％
教材研究、授業研究に関する発表、口頭試問・報告書・実技試験等で評価"
農,"生物資源","理科指導法２","野々山　清","平常点100％
教材研究、授業研究に関する発表、口頭試問・報告書・実技試験等で評価"
農,"応用生物化","農業科指導法","塚本　昭彦","・模擬授業3０％：模擬授業の評価20％、学習指導案10％　　　　　　　　　　　　　　　　　　　　　　　　　　　　　　　　　　　　　　　　　　　　　　　　　　　　　　　・定期試験４０％：講義内容の基礎的事項30％、応用事項10％　　　　　　　　　　　　　　　　　　　　　　　　　　　　　　　　　　　　　　　　　・課題（予習）・まとめ（復習）レポート20％：課題（予習）レポート10％、まとめ（復習）レポート10％　　　　　　　　　　　　　　　　　　　　・授業への参加意欲1０％：発言と質問頻度5％、授業態度と姿勢5％　　　　　　　　　　　　　　　　　　　　　　　　　　　　　　　　　　　　　以上を基準として、総合的に評価する。出席は加点要素とはしないが、授業回数の3分の2以上の出席に満たない場合は欠格とする。"
農,"生物資源","農業科指導法","塚本　昭彦","・模擬授業3０％：模擬授業の評価20％、学習指導案10％　　　　　　　　　　　　　　　　　　　　　　　　　　　　　　　　　　　　　　　　　　　　　　　　　　　　　　　・定期試験４０％：講義内容の基礎的事項30％、応用事項10％　　　　　　　　　　　　　　　　　　　　　　　　　　　　　　　　　　　　　　　　　・課題（予習）・まとめ（復習）レポート20％：課題（予習）レポート10％、まとめ（復習）レポート10％　　　　　　　　　　　　　　　　　　　　・授業への参加意欲1０％：発言と質問頻度5％、授業態度と姿勢5％　　　　　　　　　　　　　　　　　　　　　　　　　　　　　　　　　　　　　以上を基準として、総合的に評価する。出席は加点要素とはしないが、授業回数の3分の2以上の出席に満たない場合は欠格とする。"
農,"生物環境科","農業科指導法","塚本　昭彦","・模擬授業3０％：模擬授業の評価20％、学習指導案10％　　　　　　　　　　　　　　　　　　　　　　　　　　　　　　　　　　　　　　　　　　　　　　　　　　　　　　　・定期試験４０％：講義内容の基礎的事項30％、応用事項10％　　　　　　　　　　　　　　　　　　　　　　　　　　　　　　　　　　　　　　　　　・課題（予習）・まとめ（復習）レポート20％：課題（予習）レポート10％、まとめ（復習）レポート10％　　　　　　　　　　　　　　　　　　　　・授業への参加意欲1０％：発言と質問頻度5％、授業態度と姿勢5％　　　　　　　　　　　　　　　　　　　　　　　　　　　　　　　　　　　　　以上を基準として、総合的に評価する。出席は加点要素とはしないが、授業回数の3分の2以上の出席に満たない場合は欠格とする。"
農,"応用生物化","教育実習の研究(事前)","野々山　清","平常点 １００％
レポート、口頭試問、模擬授業、学習指導案を総合的に評価する。"
農,"生物資源","教育実習の研究(事前)","野々山　清","平常点 １００％
レポート、口頭試問、模擬授業、学習指導案を総合的に評価する。"
農,"生物環境科","教育実習の研究(事前)","野々山　清","平常点 １００％
レポート、口頭試問、模擬授業、学習指導案を総合的に評価する。"
農,"生物資源","教育メディア環境論","平山　勉","毎回演習的な要素を盛り込む。演習への積極的な取り組み（20％）及び毎回の授業の振り返りの小課題（30％），最終課題（50％）を総合的に評価する。"
農,"応用生物化","教育メディア環境論","平山　勉","毎回演習的な要素を盛り込む。演習への積極的な取り組み（20％）及び毎回の授業の振り返りの小課題（30％），最終課題（50％）を総合的に評価する。"
農,"生物環境科","教育メディア環境論","平山　勉","毎回演習的な要素を盛り込む。演習への積極的な取り組み（20％）及び毎回の授業の振り返りの小課題（30％），最終課題（50％）を総合的に評価する。"
農,"応用生物化","教育実習１","野々山　清","
1. 『教育実習の手引き』　

                                        名城大学(教職センター)



2. 高等学校学習指導要領(平成21年3月告示)

                                        文部科学省

					東山書房

3. 中学校学習指導要領(平成20年3月告示)

                                        文部科学省

					東山書房
"
農,"生物資源","教育実習１","野々山　清","
1. 『教育実習の手引き』　

                                        名城大学(教職センター)



2. 高等学校学習指導要領(平成21年3月告示)

                                        文部科学省

					東山書房

3. 中学校学習指導要領(平成20年3月告示)

                                        文部科学省

					東山書房
"
農,"生物環境科","教育実習１","野々山　清","
1. 『教育実習の手引き』　

                                        名城大学(教職センター)



2. 高等学校学習指導要領(平成21年3月告示)

                                        文部科学省

					東山書房

3. 中学校学習指導要領(平成20年3月告示)

                                        文部科学省

					東山書房
"
農,"生物資源","教育実習２","野々山　清","
1. 『教育実習の手引き』　

                                        名城大学(教職センター)



2. 高等学校学習指導要領(平成21年3月告示)

                                        文部科学省

					東山書房

3. 中学校学習指導要領(平成20年3月告示)

                                        文部科学省

					東山書房
"
農,"応用生物化","教育実習２","野々山　清","
1. 『教育実習の手引き』　

                                        名城大学(教職センター)



2. 高等学校学習指導要領(平成21年3月告示)

                                        文部科学省

					東山書房

3. 中学校学習指導要領(平成20年3月告示)

                                        文部科学省

					東山書房
"
農,"生物環境科","教育実習２","野々山　清","
1. 『教育実習の手引き』　

                                        名城大学(教職センター)



2. 高等学校学習指導要領(平成21年3月告示)

                                        文部科学省

					東山書房

3. 中学校学習指導要領(平成20年3月告示)

                                        文部科学省

					東山書房
"
農,"応用生物化","教育実習の研究（事後）","野々山　清","
1. 『教育実習の手引き』

                                        名城大学(教職センター)



2. 実習教科の学習指導要領解説　

                                        文部科学省


"
農,"生物資源","教育実習の研究（事後）","野々山　清","
1. 『教育実習の手引き』

                                        名城大学(教職センター)



2. 実習教科の学習指導要領解説　

                                        文部科学省


"
農,"生物環境科","教育実習の研究（事後）","野々山　清","
1. 『教育実習の手引き』

                                        名城大学(教職センター)



2. 実習教科の学習指導要領解説　

                                        文部科学省


"
農,"生物環境科","教職実践演習(中・高)","野々山　清","平常点100％　グループ討論における討論内容および態度、課題研究における取り組みの過程および報告書、学外研修等の報告書などを総合評価する。"
農,"応用生物化","教職実践演習(中・高)","野々山　清","平常点100％　グループ討論における討論内容および態度、課題研究における取り組みの過程および報告書、学外研修等の報告書などを総合評価する。"
農,"生物資源","教職実践演習(中・高)","野々山　清","平常点100％　グループ討論における討論内容および態度、課題研究における取り組みの過程および報告書、学外研修等の報告書などを総合評価する。"
農,"応用生物化","生涯学習論","片山　信吾","定期試験100％
授業を6回以上欠席した場合は欠格とする。"
農,"生物資源","生涯学習論","片山　信吾","定期試験100％
授業を6回以上欠席した場合は欠格とする。"
農,"生物環境科","生涯学習論","片山　信吾","定期試験100％
授業を6回以上欠席した場合は欠格とする。"
農,"生物資源","博物館教育論","吉田　俊英","平常点（授業参加度）30％、レポート20％、試験50％"
農,"生物環境科","博物館教育論","吉田　俊英","平常点（授業参加度）30％、レポート20％、試験50％"
農,"応用生物化","博物館教育論","吉田　俊英","平常点（授業参加度）30％、レポート20％、試験50％"
農,"生物資源","博物館原論","高橋　秀治","平常点（基本的に講義ごとにアンケートを実施ー提出率を成績に反映。アンケート回数の１/３以上の未提出は欠格）５０％、レポート１回５０％"
農,"生物環境科","博物館原論","高橋　秀治","平常点（基本的に講義ごとにアンケートを実施ー提出率を成績に反映。アンケート回数の１/３以上の未提出は欠格）５０％、レポート１回５０％"
農,"応用生物化","博物館原論","高橋　秀治","平常点（基本的に講義ごとにアンケートを実施ー提出率を成績に反映。アンケート回数の１/３以上の未提出は欠格）５０％、レポート１回５０％"
農,"生物環境科","博物館資料保存論","川瀬　基弘","小テスト６０％、随時行う簡単なレポート３０％、参加態度１０％、欠席は減点する。毎回小テストを行う。"
農,"生物資源","博物館資料保存論","川瀬　基弘","小テスト６０％、随時行う簡単なレポート３０％、参加態度１０％、欠席は減点する。毎回小テストを行う。"
農,"応用生物化","博物館資料保存論","川瀬　基弘","小テスト６０％、随時行う簡単なレポート３０％、参加態度１０％、欠席は減点する。毎回小テストを行う。"
農,"応用生物化","日本文化の歴史","山中　雅子","平常点(受講態度・課題レポート[60％])と定期試験[40％]の総合評価で行う。授業の進度を鑑み講義時間内で２～３回のレポートを課す。"
農,"生物資源","日本文化の歴史","山中　雅子","平常点(受講態度・課題レポート[60％])と定期試験[40％]の総合評価で行う。授業の進度を鑑み講義時間内で２～３回のレポートを課す。"
農,"生物環境科","日本文化の歴史","山中　雅子","平常点(受講態度・課題レポート[60％])と定期試験[40％]の総合評価で行う。授業の進度を鑑み講義時間内で２～３回のレポートを課す。"
農,"生物環境科","民俗学","山中　雅子","平常点(受講態度・課題レポート[60％])および定期試験[40％]による総合評価。なお、出席不足者の定期試験受験は認めない。"
農,"生物資源","民俗学","山中　雅子","平常点(受講態度・課題レポート[60％])および定期試験[40％]による総合評価。なお、出席不足者の定期試験受験は認めない。"
農,"応用生物化","民俗学","山中　雅子","平常点(受講態度・課題レポート[60％])および定期試験[40％]による総合評価。なお、出席不足者の定期試験受験は認めない。"
農,"生物資源","日本文化史（旧カリ）","山中　雅子","平常点(受講態度・課題レポート[60％])と定期試験[40％]の総合評価で行う。授業の進度を鑑み講義時間内で２～３回のレポートを課す。"
農,"生物環境科","日本文化史（旧カリ）","山中　雅子","平常点(受講態度・課題レポート[60％])と定期試験[40％]の総合評価で行う。授業の進度を鑑み講義時間内で２～３回のレポートを課す。"
農,"応用生物化","日本文化史（旧カリ）","山中　雅子","平常点(受講態度・課題レポート[60％])と定期試験[40％]の総合評価で行う。授業の進度を鑑み講義時間内で２～３回のレポートを課す。"
農,"生物環境科","民俗学（旧カリ）","山中　雅子","平常点(受講態度・課題レポート[60％])および定期試験[40％]による総合評価。なお、出席不足者の定期試験受験は認めない。"
農,"応用生物化","民俗学（旧カリ）","山中　雅子","平常点(受講態度・課題レポート[60％])および定期試験[40％]による総合評価。なお、出席不足者の定期試験受験は認めない。"
農,"生物資源","民俗学（旧カリ）","山中　雅子","平常点(受講態度・課題レポート[60％])および定期試験[40％]による総合評価。なお、出席不足者の定期試験受験は認めない。"
農,"生物環境科","博物館経営論","水谷　栄太郎","平常点（受講態度・積極性）30％　レポート1回提出30％　　試験40％　ただし、授業回数の3/1を超えて欠席した場合は失格とする。"
農,"生物資源","博物館経営論","水谷　栄太郎","平常点（受講態度・積極性）30％　レポート1回提出30％　　試験40％　ただし、授業回数の3/1を超えて欠席した場合は失格とする。"
農,"応用生物化","博物館経営論","水谷　栄太郎","平常点（受講態度・積極性）30％　レポート1回提出30％　　試験40％　ただし、授業回数の3/1を超えて欠席した場合は失格とする。"
農,"生物環境科","博物館展示論","尾坂　知江子","事前課題の提出50％　　　授業内レポート・小テスト30%　　参加態度20%　　欠席は減点する。"
農,"応用生物化","博物館展示論","尾坂　知江子","事前課題の提出50％　　　授業内レポート・小テスト30%　　参加態度20%　　欠席は減点する。"
農,"生物資源","博物館展示論","尾坂　知江子","事前課題の提出50％　　　授業内レポート・小テスト30%　　参加態度20%　　欠席は減点する。"
農,"生物資源","古文書学","山中　雅子","・平常点40％（受講態度及び課題に対する取り組み・小テストの点数により判断する。なお1/3以上の欠席は定期試験の受験を認めない。また、時間内で複数の小テストをおこなう。)
・定期試験60％（くずし字がどれだけ読めるかにかかっている。）
・テスト・定期試験では『くずし字解読辞典』の持ち込みを認める。"
農,"生物環境科","古文書学","山中　雅子","・平常点40％（受講態度及び課題に対する取り組み・小テストの点数により判断する。なお1/3以上の欠席は定期試験の受験を認めない。また、時間内で複数の小テストをおこなう。)
・定期試験60％（くずし字がどれだけ読めるかにかかっている。）
・テスト・定期試験では『くずし字解読辞典』の持ち込みを認める。"
農,"応用生物化","古文書学","山中　雅子","・平常点40％（受講態度及び課題に対する取り組み・小テストの点数により判断する。なお1/3以上の欠席は定期試験の受験を認めない。また、時間内で複数の小テストをおこなう。)
・定期試験60％（くずし字がどれだけ読めるかにかかっている。）
・テスト・定期試験では『くずし字解読辞典』の持ち込みを認める。"
農,"生物資源","古文書学（旧カリ）","山中　雅子","・平常点40％（受講態度及び課題に対する取り組み・小テストの点数により判断する。なお1/3以上の欠席は定期試験の受験を認めない。また、時間内で複数の小テストをおこなう。)
・定期試験60％（くずし字がどれだけ読めるかにかかっている。）
・テスト・定期試験では『くずし字解読辞典』の持ち込みを認める。"
農,"生物環境科","古文書学（旧カリ）","山中　雅子","・平常点40％（受講態度及び課題に対する取り組み・小テストの点数により判断する。なお1/3以上の欠席は定期試験の受験を認めない。また、時間内で複数の小テストをおこなう。)
・定期試験60％（くずし字がどれだけ読めるかにかかっている。）
・テスト・定期試験では『くずし字解読辞典』の持ち込みを認める。"
農,"応用生物化","古文書学（旧カリ）","山中　雅子","・平常点40％（受講態度及び課題に対する取り組み・小テストの点数により判断する。なお1/3以上の欠席は定期試験の受験を認めない。また、時間内で複数の小テストをおこなう。)
・定期試験60％（くずし字がどれだけ読めるかにかかっている。）
・テスト・定期試験では『くずし字解読辞典』の持ち込みを認める。"
農,"生物資源","博物館実習１","山岸　健三、新妻　靖章、長田　典之、橋本　啓史、横内　茂、尾坂　知江子","野外調査・観察，標本作製ならびにレポート：40％．　博物館見学とレポート：20％．　展示実習および作品：35％．　事前指導及び事後指導：5％．ただし，いずれの項目も必修のため，どれか１つでも不完全な場合には不合格とします．"
農,"応用生物化","博物館実習１","山岸　健三、新妻　靖章、長田　典之、橋本　啓史、横内　茂、尾坂　知江子","野外調査・観察，標本作製ならびにレポート：40％．　博物館見学とレポート：20％．　展示実習および作品：35％．　事前指導及び事後指導：5％．ただし，いずれの項目も必修のため，どれか１つでも不完全な場合には不合格とします．"
農,"生物環境科","博物館実習１","山岸　健三、新妻　靖章、長田　典之、橋本　啓史、横内　茂、尾坂　知江子","野外調査・観察，標本作製ならびにレポート：40％．　博物館見学とレポート：20％．　展示実習および作品：35％．　事前指導及び事後指導：5％．ただし，いずれの項目も必修のため，どれか１つでも不完全な場合には不合格とします．"
農,"生物環境科","博物館資料論１","川瀬　基弘","小テスト６０％、随時行う簡単なレポート３０％、参加態度１０％、欠席は減点する。毎回小テストを行う。"
農,"応用生物化","博物館資料論１","川瀬　基弘","小テスト６０％、随時行う簡単なレポート３０％、参加態度１０％、欠席は減点する。毎回小テストを行う。"
農,"生物資源","博物館資料論１","川瀬　基弘","小テスト６０％、随時行う簡単なレポート３０％、参加態度１０％、欠席は減点する。毎回小テストを行う。"
農,"応用生物化","博物館情報論","平山　勉","毎回演習的な要素も盛り込む。演習への積極的な取り組み（40％）及び毎回の授業の振り返りの小課題（30％）、最終課題（30％）を総合的に評価する。チラシ作成の演習及び博物館実地調査・発表の中で、グループメンバー間の相互連携・協力の姿勢も評価に加算する。"
農,"生物資源","博物館情報論","平山　勉","毎回演習的な要素も盛り込む。演習への積極的な取り組み（40％）及び毎回の授業の振り返りの小課題（30％）、最終課題（30％）を総合的に評価する。チラシ作成の演習及び博物館実地調査・発表の中で、グループメンバー間の相互連携・協力の姿勢も評価に加算する。"
農,"生物環境科","博物館情報論","平山　勉","毎回演習的な要素も盛り込む。演習への積極的な取り組み（40％）及び毎回の授業の振り返りの小課題（30％）、最終課題（30％）を総合的に評価する。チラシ作成の演習及び博物館実地調査・発表の中で、グループメンバー間の相互連携・協力の姿勢も評価に加算する。"
農,"生物資源","教育メディア環境論","平山　勉","毎回演習的な要素を盛り込む。演習への積極的な取り組み（20％）及び毎回の授業の振り返りの小課題（30％），最終課題（50％）を総合的に評価する。"
農,"生物環境科","教育メディア環境論","平山　勉","毎回演習的な要素を盛り込む。演習への積極的な取り組み（20％）及び毎回の授業の振り返りの小課題（30％），最終課題（50％）を総合的に評価する。"
農,"応用生物化","教育メディア環境論","平山　勉","毎回演習的な要素を盛り込む。演習への積極的な取り組み（20％）及び毎回の授業の振り返りの小課題（30％），最終課題（50％）を総合的に評価する。"
農,"生物資源","博物館実習２","山岸　健三","博物館側の成績と事後報告を参考に評価します（100％）．"
農,"生物環境科","博物館実習２","山岸　健三","博物館側の成績と事後報告を参考に評価します（100％）．"
農,"応用生物化","博物館実習２","山岸　健三","博物館側の成績と事後報告を参考に評価します（100％）．"
農,"生物環境科","博物館実習３","山岸　健三","博物館側の成績と事後報告を参考に評価します（100％）．"
農,"生物資源","博物館実習３","山岸　健三","博物館側の成績と事後報告を参考に評価します（100％）．"
農,"応用生物化","博物館実習３","山岸　健三","博物館側の成績と事後報告を参考に評価します（100％）．"
