経営,"基礎ゼミナール","謝　憲文","クラスでの発言80％・レポート20％"
経営,"基礎ゼミナール","謝　憲文","クラスでの発言80％・レポート20％"
経営,"基礎ゼミナール","堀川　新吾","クラスでの発言８０％、レポート２０％。ただし、欠席回数が１０回以上の場合は欠格とし、単位を与えない。また、プレゼンコンテストへの参加を義務付ける。"
経営,"基礎ゼミナール","堀川　新吾","クラスでの発言８０％、レポート２０％。ただし、欠席回数が１０回以上の場合は欠格とし、単位を与えない。また、プレゼンコンテストへの参加を義務付ける。"
経営,"基礎ゼミナール","村上　広一","クラスでの発言80％・レポート20％。3分の1以上を欠席した場合（遅刻は欠席2分の1と評価する）は、欠格とする。発表が当たっているのに無断欠席した場合も、単位不認定とする。"
経営,"基礎ゼミナール","村上　広一","クラスでの発言80％・レポート20％。3分の1以上を欠席した場合（遅刻は欠席2分の1と評価する）は、欠格とする。発表が当たっているのに無断欠席した場合も、単位不認定とする。"
経営,"基礎ゼミナール","高山　晃郎","クラスでの発言８０％・レポート２０％"
経営,"基礎ゼミナール","高山　晃郎","クラスでの発言８０％・レポート２０％"
経営,"基礎ゼミナール","相川　奈美","クラスでの発言80％・レポート20％"
経営,"基礎ゼミナール","相川　奈美","クラスでの発言80％・レポート20％"
経営,"基礎ゼミナール","今井　斉","クラスでの発言80％・レポート20％"
経営,"基礎ゼミナール","今井　斉","クラスでの発言80％・レポート20％"
経営,"基礎ゼミナール","宮崎　信二","クラスでの発言80％、レポート20％"
経営,"基礎ゼミナール","宮崎　信二","クラスでの発言80％、レポート20％"
経営,"基礎ゼミナール","岸川　典昭","出欠態度と発言70％、レポート30％"
経営,"基礎ゼミナール","岸川　典昭","出欠態度と発言70％、レポート30％"
経営,"基礎ゼミナール","長尾　晃宏","クラスでの発言80％・レポート20％"
経営,"基礎ゼミナール","長尾　晃宏","クラスでの発言80％・レポート20％"
経営,"基礎ゼミナール","田代　樹彦","クラスでの発言80％・レポート20％"
経営,"基礎ゼミナール","田代　樹彦","クラスでの発言80％・レポート20％"
経営,"基礎ゼミナール","山本　いづみ","・クラスでの発言80％、レポート20％
・ゼミ中に、教員の許可なくスマートフォンを使用する場合は、欠席扱いとする。
・ゼミ進行を妨げるような行動をとる場合、今後の受講を含め、厳格に対処する。"
経営,"基礎ゼミナール","山本　いづみ","・クラスでの発言80％、レポート20％
・ゼミ中に、教員の許可なくスマートフォンを使用する場合は、欠席扱いとする。
・ゼミ進行を妨げるような行動をとる場合、今後の受講を含め、厳格に対処する。"
経営,"基礎ゼミナール【2年次以上】","柳田　純也","　クラスでの発表、発言、そしてコメントペーパーへの記入80％・レポート20％。
　出席は加点要素としないが、授業回数の3分の2以上の出席に満たない場合は欠格とする。"
経営,"基礎ゼミナール【2年次以上】","柳田　純也","　クラスでの発表、発言、そしてコメントペーパーへの記入80％・レポート20％。
　出席は加点要素としないが、授業回数の3分の2以上の出席に満たない場合は欠格とする。"
経営,"基礎ゼミナール","田澤　宗裕","クラスでの発言80％・レポート20％"
経営,"基礎ゼミナール","田澤　宗裕","クラスでの発言80％・レポート20％"
経営,"基礎ゼミナール","橋場　俊展","クラスでの発言80％・レポート20％"
経営,"基礎ゼミナール","橋場　俊展","クラスでの発言80％・レポート20％"
経営,"基礎ゼミナール","五十畑　浩平","クラスでの発言80％、レポート20％"
経営,"基礎ゼミナール","五十畑　浩平","クラスでの発言80％、レポート20％"
経営,"基礎ゼミナール","槇野　均","ゼミでの発言８０％・レポート２０％。"
経営,"基礎ゼミナール","槇野　均","ゼミでの発言８０％・レポート２０％。"
経営,"基礎ゼミナール","瀬川　新一","クラスでの発言80％、レポート20％。なお，無遅刻・無欠席，授業態度，提出期日厳守などが良好であることは，単位取得の前提条件です。"
経営,"基礎ゼミナール","瀬川　新一","クラスでの発言80％、レポート20％。なお，無遅刻・無欠席，授業態度，提出期日厳守などが良好であることは，単位取得の前提条件です。"
経営,"基礎ゼミナール","大﨑　孝徳","クラスでの発言80％・レポート20％"
経営,"基礎ゼミナール","大﨑　孝徳","クラスでの発言80％・レポート20％"
経営,"基礎ゼミナール","澤田　慎治","クラスでの発言70％・レポート30％　課題、レポート等が未提出の場合は、単位を与えない。また、出席回数が３分の２以下の場合は欠格とする。"
経営,"基礎ゼミナール","澤田　慎治","クラスでの発言70％・レポート30％　課題、レポート等が未提出の場合は、単位を与えない。また、出席回数が３分の２以下の場合は欠格とする。"
経営,"基礎ゼミナール","伊藤　秀俊","クラスでの発言80%・レポート20%"
経営,"基礎ゼミナール","伊藤　秀俊","クラスでの発言80%・レポート20%"
経営,"基礎ゼミナール","澤田　貴之","クラスでの発言80％、レポート20％"
経営,"基礎ゼミナール","澤田　貴之","クラスでの発言80％、レポート20％"
経営,"基礎ゼミナール","桑島　薫","クラスでの発言50％、レポート・発表50％"
経営,"基礎ゼミナール","桑島　薫","クラスでの発言50％、レポート・発表50％"
経営,"日本語１","小野　純一","定期試験50％、平常点（小論文20％・研究発表20％・ディスカッション10％）50％の割合で評価する。積極的な発言は加点の、私語や遅刻などは減点の対象とする。また、前期・後期ともに10回以上出席しなければ、定期試験を受験することができない。"
経営,"日本語１","小野　純一","定期試験50％、平常点（小論文20％・研究発表20％・ディスカッション10％）50％の割合で評価する。積極的な発言は加点の、私語や遅刻などは減点の対象とする。また、前期・後期ともに10回以上出席しなければ、定期試験を受験することができない。"
経営,"日本語２","坪田　雅子","試験９０％、小テスト１０％、３分の１以上欠席した場合は欠格とする。"
経営,"日本語２","坪田　雅子","試験９０％、小テスト１０％、３分の１以上欠席した場合は欠格とする。"
経営,"日本語３","小野　純一","定期試験70%、授業参加度30%の割合で評価する。積極的な発言は加点の、私語や遅刻などは減点の対象とする。また、前期・後期ともに10回以上出席しなければ、定期試験を受験することができない。"
経営,"日本語３","小野　純一","定期試験70%、授業参加度30%の割合で評価する。積極的な発言は加点の、私語や遅刻などは減点の対象とする。また、前期・後期ともに10回以上出席しなければ、定期試験を受験することができない。"
経営,"日本語４","向井　淑子","平常点（授業参加度、提出物等）２０％　　試験５０％　　発表３０％　　"
経営,"日本語４","向井　淑子","平常点（授業参加度、提出物等）２０％　　試験５０％　　発表３０％　　"
経営,"情報処理実習","藤井　俊明","平常点30%（授業参加状況や質問などを含めた実習態度）および課題70%で評価する。
授業回数の3分の1以上欠席した場合は欠格とする。"
経営,"情報処理実習","中島　俊明","毎回の課題70%、最終課題30%で評価する。"
経営,"健康・スポーツ科学１","槇野　均、冨岡　徹、石垣　享、石田　直章","授業への取り組み（平常点・態度・技能）50％、試験・レポート50％とする。詳細は初回授業時に説明する。なお４回以上欠席した場合、原則として欠格となり定期試験への受験資格を認めない。ただし、けがや病気などのために実技への参加に支障を期たす場合、担当教員に申し出て指示を受けること。"
経営,"健康・スポーツ科学１","槇野　均、冨岡　徹、石垣　享、石田　直章","授業への取り組み（平常点・態度・技能）50％、試験・レポート50％とする。詳細は初回授業時に説明する。なお４回以上欠席した場合、原則として欠格となり定期試験への受験資格を認めない。ただし、けがや病気などのために実技への参加に支障を期たす場合、担当教員に申し出て指示を受けること。"
経営,"英語（コミュニケーション）１","SUSAN HANSEN","All students must own, and bring to every class an English dictionary."
経営,"英語（リーディング）１","大達　誉華","定期試験 30%　　　　　その他 10%
多読 30%
語彙テスト 30%"
経営,"英語（リーディング）１","森　法子","中間試験(45%)、定期試験(45%)、平常点(10%)　平常点は授業への参加状況等、総合的に判断する。"
経営,"英語（コミュニケーション）１","STOLTENBERG LUKE","平常点（クラス参加、グループ作業、出席）２０％　Speaking Test３０％　クイズ（小テスト）２０％　宿題／レポート３０％"
経営,"地球と宇宙","池森　均","試験を行います。小テストなどを中間に行い平常点として評価に加える可能性がありますので、授業中の指示に注意して下さい。"
経営,"地球と宇宙","池森　均","試験を行います。小テストなどを中間に行い平常点として評価に加える可能性がありますので、授業中の指示に注意して下さい。"
経営,"英語（コミュニケーション）１","MOORE Melvin","Online Assignments 20％.Unit Tests 20％.Class Participation 20％.Speaking Test 20％.End of Semester Test 20％.
Five or more absences from lessons will disqualify the student from the course.Failure to complete the Oxford on-line homework will also disqualify the student."
経営,"英語（リーディング）１","大達　誉華","期末テスト 30%　　　　　その他 10%
多読 30%
小テスト 30%"
経営,"英語（コミュニケーション）１","SUSAN HANSEN","All students must own, and bring to every class an English dictionary."
経営,"英語（リーディング）１","神谷　真起子","定期試験の成績を基（約８０％）に。小テスト及び授業への参加態度も考慮（約２０％）して、適正な評価を行う。"
経営,"英語（コミュニケーション）１","HOARE Peter A.","Continual Evaluation Quiz 1-2 - 30%
Continual Evaluation Quiz 3-4 - 30%
Continual Evaluation Quiz 5-6 - 40%"
経営,"情報処理実習","藤井　俊明","平常点30%（授業参加状況や質問などを含めた実習態度）および課題70%で評価する。
授業回数の3分の1以上欠席した場合は欠格とする。"
経営,"情報処理実習","中島　俊明","毎回の課題70%、最終課題30%で評価する。"
経営,"政治と社会","小林　正嗣","試験(100%)の点数に基づいて評価する。"
経営,"政治と社会","小林　正嗣","試験(100%)の点数に基づいて評価する。"
経営,"経営数学","鳥居　弘志","小テスト・中間テスト・課題（40％），定期試験（60％）"
経営,"経営数学","鳥居　弘志","小テスト・中間テスト・課題（40％），定期試験（60％）"
経営,"上級簿記１","田代　樹彦","試験100％"
経営,"上級簿記１","田代　樹彦","試験100％"
経営,"日本国憲法","日比　拓也","試験100％"
経営,"日本国憲法","日比　拓也","試験100％"
経営,"基本簿記【経営学部1年次：偶数クラス】","田辺　茂樹","授業の進度に応じて随時小テストを実施します。
小テスト（30点）、試験（70点）で評価します。"
経営,"基本簿記【経営学部1年次：偶数クラス】","田辺　茂樹","授業の進度に応じて随時小テストを実施します。
小テスト（30点）、試験（70点）で評価します。"
経営,"基本簿記【経営学部1年次：奇数クラス】","田辺　茂樹","授業の進度に応じて随時小テストを実施します。
小テスト（30点）、試験（70点）で評価します。"
経営,"基本簿記【経営学部1年次：奇数クラス】","田辺　茂樹","授業の進度に応じて随時小テストを実施します。
小テスト（30点）、試験（70点）で評価します。"
経営,"コンピュータリテラシー","堀川　新吾","実習完成度１００％。ただし、欠席回数が５回以上の場合は欠格とし、単位を与えない。"
経営,"コンピュータリテラシー","堀川　新吾","実習完成度１００％。ただし、欠席回数が５回以上の場合は欠格とし、単位を与えない。"
経営,"英語（リーディング）１","柴　麻己子","定期試験　60％　単語テスト　20％　平常点（グループワークでの参加度など授業態度）　20％"
経営,"英語（コミュニケーション）１","BAILEY Mark","Speaking test: _20___%   Participation:__15__% 
Report: _25___%    Mini-tests: _20__%       End of Semester Test: __20__%"
経営,"英語（リーディング）１","神谷　真起子","定期試験の成績を基（約８０％）に、小テスト及び授業への参加態度も考慮（約２０％）して、適正な評価を行う。"
経営,"英語（コミュニケーション）１","SUSAN HANSEN","All students must own, and bring to every class an English dictionary."
経営,"英語（リーディング）１","大達　誉華","定期試験 30%　　　　　その他 10%
多読 30%
語彙テスト 30%"
経営,"英語（リーディング）１","森　法子","中間試験(45%)、定期試験(45%)、平常点(10%)  平常点は授業への参加状況等、総合的に判断する。"
経営,"英語（コミュニケーション）１","CHAMBERS Timothy","Every unit gives you the chance to earn five points toward your grade. Come to class, be prepared."
経営,"英語（コミュニケーション）１","BARNES TIMOTHY J","平常点（クラス参加，グループ作業）３０％　授業発表　２０％　クイズ（小テスト） ３０％　宿題／レポート　２０％"
経営,"英語（リーディング）１","鬼頭　修","平常点（小テスト、課題、中間テスト）50%
定期試験　50%"
経営,"経営と社会","五十畑　浩平","レポート(30%)および定期試験(70%)"
経営,"経営と社会","五十畑　浩平","レポート(30%)および定期試験(70%)"
経営,"（特２）実践簿記論１","深谷　善治","ミニテスト２５％、確認テスト２５％、定期試験５０％で評価します。"
経営,"（特２）実践簿記論１","深谷　善治","ミニテスト２５％、確認テスト２５％、定期試験５０％で評価します。"
経営,"ドイツ語入門１","木股　錬治","小テスト・提出物３０％、授業への参加度２０％、定期試験５０％ で評価します。"
経営,"ハングル入門１","金　由那","授業参加度30％、小テスト20％、定期試験50％"
経営,"ハングル入門１","金　由那","授業参加度30％、小テスト20％、定期試験50％"
経営,"ハングル入門１","李　芝賢","試験5０％と平常点5０％（小テスト、授業態度、課題）を持って評価します。"
経営,"ハングル入門１","李　芝賢","試験5０％と平常点5０％（小テスト、授業態度、課題）を持って評価します。"
経営,"フランス語入門１","井出　勉","平常点（積極的な学習態度を評価する）30％　定期試験70％"
経営,"フランス語入門１","山口　憲男","筆記試験の結果による評価（１００％）．　ただし，授業回数の３分の１以上欠席した場合は欠格とします．"
経営,"中国語入門２","ｹｲ 桂芝","定期試験７０％、小テスト３０％で評価をします。１１回以上の出席が評価の前提となります。"
経営,"中国語入門２","徐　春陽","定期試験60％、平常点40％（小テスト20％、授業参加度20％）、3分の1以上の欠席は欠格とする。"
経営,"中国語入門２","張　静萱","成績評価は定期試験、授業態度などにより総合判定をする。授業回数の三分の一以上を欠席した場合、定期試験の受験資格を認めない。平常点20％、定期試験80％"
経営,"中国語入門２","張　書涵","試験100%。"
経営,"欧米文化論","須網　美由紀","定期試験期間に筆記試験を実施する。"
経営,"欧米文化論","須網　美由紀","定期試験期間に筆記試験を実施する。"
経営,"マクロ経済学入門","鈴木　英夫","試験１００％　出席は不可欠"
経営,"マクロ経済学入門","鈴木　英夫","試験１００％　出席は不可欠"
経営,"人間と環境","瀬川　新一、岸川　典昭、橋場　俊展、田中　武憲、東田　明、高山　晃郎、柳田　純也、大﨑　孝徳、澤田　慎治、槇野　均、村上　広一、堀畑　正樹、堀川　新吾、五十畑　浩平","各回の講義の最終15分でレポートを作成し提出してもらう。全レポートの合計点で成績評価する。
　"
経営,"人間と環境","瀬川　新一、岸川　典昭、橋場　俊展、田中　武憲、東田　明、高山　晃郎、柳田　純也、大﨑　孝徳、澤田　慎治、槇野　均、村上　広一、堀畑　正樹、堀川　新吾、五十畑　浩平","各回の講義の最終15分でレポートを作成し提出してもらう。全レポートの合計点で成績評価する。
　"
経営,"哲学","加藤　静夫","授業時間内のレポートと試験で評価する。論述試験なので、その内容が評価対象になる。論述の要点については講義の中で話します。（殆んど試験100%。レポートは加点する。）"
経営,"哲学","加藤　静夫","授業時間内のレポートと試験で評価する。論述試験なので、その内容が評価対象になる。論述の要点については講義の中で話します。（殆んど試験100%。レポートは加点する。）"
経営,"宗教の世界","加藤　静夫","授業時間内のレポートと試験による評価。論述試験なので、その内容が評価対象になる。論述の要点については講義の中で話します。（殆んど試験100%。レポートは加点する。）"
経営,"宗教の世界","加藤　静夫","授業時間内のレポートと試験による評価。論述試験なので、その内容が評価対象になる。論述の要点については講義の中で話します。（殆んど試験100%。レポートは加点する。）"
経営,"ドイツ語入門２","保坂　和宣","定期試験７割、 課題の発表等の平常点３割。 授業時は辞書必携のこと"
経営,"ハングル入門２","金　由那","授業参加度30％、小テスト20％、試験50％"
経営,"ハングル入門２","金　由那","授業参加度30％、小テスト20％、試験50％"
経営,"ハングル入門２","金　奈淑","試験50％と平常点（小テスト、授業参加度など）50％"
経営,"ハングル入門２","金　奈淑","試験50％と平常点（小テスト、授業参加度など）50％"
経営,"フランス語入門２","植田　裕志","小テスト（20％）：単語と動詞活用
定期試験（80％）"
経営,"フランス語入門２","山口　憲男","筆記試験の結果による評価（１００％）．　ただし，授業回数の３分の１以上欠席した場合は欠格とします．"
経営,"中国語入門１","丸尾　誠","平常点（２０％）、試験（８０％）。
平常点は授業への参加状況、授業態度で総合的に判断する。
出席回数が３分の２に満たない場合は、欠格として定期試験の受験資格を認めない。"
経営,"中国語入門１","前田　光子","試験６０％、平常点４０％（復習小テスト３０％、提出物・授業態度１０％）"
経営,"中国語入門１","龍神　邦男","５回の小テストの累積点数（７０％）と、練習問題への取り組みおよびその結果に対する評価・授業態度・発言頻度・質問頻度の総合的な評価（３０％）の合計で評価する。なお、小テストを欠席した場合はその事情に応じて補点する。補点の詳細は授業時に説明する。５回の小テスト終了時に合格点数に満たないものには補充試験を実施する。
出席は加点要素としないが、授業回数の３分の２以上の出席に満たない場合は欠格とする。"
経営,"中国語入門１","渡辺　幸彦","平常点（授業態度）３割、試験７割"
経営,"現象と論理","澤田　彰博","課題・小テスト（40％）：理解度の確認のため，授業期間中に数回，課題（ミニレポート）や小テストを課す。
試験（60％）：計算問題と論述問題。"
経営,"現象と論理","澤田　彰博","課題・小テスト（40％）：理解度の確認のため，授業期間中に数回，課題（ミニレポート）や小テストを課す。
試験（60％）：計算問題と論述問題。"
経営,"文学と人間","山田　永","おもに、平常点で評価する。平常点とは、五～六回の小テスト（70％）と参加状況（10％）による。定期テストは20％。どうしても小テストが受けられなかったときは、翌週に申し出れば考慮する。参加状況とは、ほぼ毎回書いてもらうグループワークによる回答（質問・ポイント・感想など）が対象となる。"
経営,"文学と人間","山田　永","おもに、平常点で評価する。平常点とは、五～六回の小テスト（70％）と参加状況（10％）による。定期テストは20％。どうしても小テストが受けられなかったときは、翌週に申し出れば考慮する。参加状況とは、ほぼ毎回書いてもらうグループワークによる回答（質問・ポイント・感想など）が対象となる。"
経営,"情報社会と倫理","村上　広一","試験60%,平常点40%（準備学習20%,レポート20%）で評価する。e-learningによる準備学習・事後学習で毎回の講義内容の理解度について確認する。レポートでは情報倫理に関する問題についての複眼的な思考,論理的な思考の有無について確認する。欠格は適用しないが,試験のみでは合格できないので注意すること。"
経営,"情報社会と倫理","村上　広一","試験60%,平常点40%（準備学習20%,レポート20%）で評価する。e-learningによる準備学習・事後学習で毎回の講義内容の理解度について確認する。レポートでは情報倫理に関する問題についての複眼的な思考,論理的な思考の有無について確認する。欠格は適用しないが,試験のみでは合格できないので注意すること。"
経営,"会計学入門【経営学科1年次】","田代　樹彦","試験80％、小テストやレポート等の課題の提出20％"
経営,"(特１)経営と会計【１年次】","岸川　典昭","試験(60％)、出席態度等(40％)を総合して評価　　"
経営,"(特１)経営と会計【１年次】","岸川　典昭","試験(60％)、出席態度等(40％)を総合して評価　　"
経営,"流通入門【経営学科1年次】","大﨑　孝徳","試験90％、小レポート10％"
経営,"(特１)経営と会計【１年次】","岸川　典昭","試験(60％)、出席態度等(40％)を総合して評価　　"
経営,"(特１)経営と会計【１年次】","岸川　典昭","試験(60％)、出席態度等(40％)を総合して評価　　"
経営,"現代経済入門【1年次】","田中　武憲","定期試験：１００％"
経営,"現代経済入門【1年次】","田中　武憲","定期試験：１００％"
経営,"経営学入門【経営学科1年次】","宮崎　信二","試験およびビデオ等のレポートで評価。試験70～80％、レポート30～20％。講義中のレポートおよび出席回数が2分の1以下の学生は、欠格となる場合がある。"
経営,"基本簿記【2年次以上】","伊藤　悟","小テスト（３０％）と定期試験（７０％）で評価する。"
経営,"基本簿記【2年次以上】","伊藤　悟","小テスト（３０％）と定期試験（７０％）で評価する。"
経営,"現代経済入門【2年次以上】","田中　武憲","定期試験：１００％"
経営,"現代経済入門【2年次以上】","田中　武憲","定期試験：１００％"
経営,"英語上級１(コミュニケーション)","Beatty Robert","Please try your best and ask any questions that you may have during or after class."
経営,"英語上級１(コミュニケーション)","Beatty Robert","Please try your best and ask any questions that you may have during or after class."
経営,"英語中級１(コミュニケーション)","Beatty Robert","Please try your best and ask any questions that you may have during or after class."
経営,"英語中級１(コミュニケーション)","Beatty Robert","Please try your best and ask any questions that you may have during or after class."
経営,"英語上級１(リーディング)","山添　直樹","平常点　６０％（ATR CALL BRIX ４０％、課題２０％）
試験　４０％
授業回数の３分の１以上欠席した場合は、欠格とする。"
経営,"英語上級１(リーディング)","山添　直樹","平常点　６０％（ATR CALL BRIX ４０％、課題２０％）
試験　４０％
授業回数の３分の１以上欠席した場合は、欠格とする。"
経営,"英語（コミュニケーション）１【再】","Beatty Robert"," 
1. My Weekly Writing Journal vol.1				

                                        Minehane,Markovitz,Hoare                                


"
経営,"英語（コミュニケーション）１【再】","Beatty Robert"," 
1. My Weekly Writing Journal vol.1				

                                        Minehane,Markovitz,Hoare                                


"
経営,"英語基礎１(コミュニケーション)","Beatty Robert"," 
1. My Weekly Writing Journal vol.1				

                                        Minehane,Markovitz,Hoare                                


"
経営,"英語基礎１(コミュニケーション)","Beatty Robert"," 
1. My Weekly Writing Journal vol.1				

                                        Minehane,Markovitz,Hoare                                


"
経営,"英語（リーディング）１【再】","森藤　庄平","(1)　 読解・文法に必要な思考力の向上を図るため、自ら考察してもらい、お互いの意見の交換を行う。「暗記の英語」（雰囲気で勉強してきた英語）から、「理解する英語」への橋渡しをする。(2)  演習のため、授業参加態度を重視する。(3)　辞書(ジーニアス英和辞典など）を必ず持参すること。"
経営,"英語（リーディング）１【再】","森藤　庄平","(1)　 読解・文法に必要な思考力の向上を図るため、自ら考察してもらい、お互いの意見の交換を行う。「暗記の英語」（雰囲気で勉強してきた英語）から、「理解する英語」への橋渡しをする。(2)  演習のため、授業参加態度を重視する。(3)　辞書(ジーニアス英和辞典など）を必ず持参すること。"
経営,"英語初級１-１(リーディング)","森藤　庄平","(1)　 読解・文法に必要な思考力の向上を図るため、自ら考察してもらい、お互いの意見の交換を行う。「暗記の英語」（雰囲気で勉強してきた英語）から、「理解する英語」への橋渡しをする。(2)  演習のため、授業参加態度を重視する。(3)　辞書(ジーニアス英和辞典など）を必ず持参すること。"
経営,"英語初級１-１(リーディング)","森藤　庄平","(1)　 読解・文法に必要な思考力の向上を図るため、自ら考察してもらい、お互いの意見の交換を行う。「暗記の英語」（雰囲気で勉強してきた英語）から、「理解する英語」への橋渡しをする。(2)  演習のため、授業参加態度を重視する。(3)　辞書(ジーニアス英和辞典など）を必ず持参すること。"
経営,"プログラミング実習","丹羽　直美","毎回の課題提出70%、オリジナルプログラムの作成課題30%で評価する"
経営,"プログラミング実習","中島　俊明","毎回の課題提出70%、オリジナルプログラムの作成課題30%で評価する"
経営,"健康・スポーツ科学２","槇野　均、冨岡　徹、石垣　享、石田　直章","授業への取り組み(平常点・態度・技能)50％、試験50％とする。詳細は初回授業時に説明する。なお４回以上欠席した場合、原則として欠格となり定期試験の受験資格を認めない。加えて、けがや病気などのために実技への参加に支障を期たす場合、担当教員に申し出て指示を受けること。"
経営,"健康・スポーツ科学２","槇野　均、冨岡　徹、石垣　享、石田　直章","授業への取り組み(平常点・態度・技能)50％、試験50％とする。詳細は初回授業時に説明する。なお４回以上欠席した場合、原則として欠格となり定期試験の受験資格を認めない。加えて、けがや病気などのために実技への参加に支障を期たす場合、担当教員に申し出て指示を受けること。"
経営,"英語（コミュニケーション）２","SUSAN HANSEN","All students must own, and bring to every class an English dictionary."
経営,"英語（リーディング）２","大達　誉華","期末テスト 30%　　　　　その他 10%
多読 30%
小テスト 30%"
経営,"英語（リーディング）２","森　法子","中間試験(45%)、定期試験(45%)、平常点(10%)　平常点は授業への参加状況等、総合的に判断する。"
経営,"英語（コミュニケーション）２","STOLTENBERG LUKE","平常点（クラス参加、グループ作業、出席）２０％　Speaking Test３０％　クイズ（小テスト）２０％　宿題／レポート３０％"
経営,"英語（コミュニケーション）２","MOORE Melvin","Vocabulary Tests 20%. Speaking Test 20%. End of Semester Test 20%. Online Assignments 20%. Standardized Test 20%.
Five or more absences from lessons will disqualify the student.Failure to complete the Oxford on-line homework will also disqualify the student."
経営,"英語（リーディング）２","大達　誉華","期末テスト 30%　　　　　その他 10%
多読 30%
小テスト 30%"
経営,"英語（コミュニケーション）２","SUSAN HANSEN","All students must own, and bring to every class an English dictionary."
経営,"英語（リーディング）２","神谷　真起子","定期試験の成績を基（約８０％）に。小テストおよび授業への参加態度も考慮（約２０％）して、適正な評価を行う。"
経営,"英語（コミュニケーション）２","HOARE Peter A.","Continual Evaluation Quiz 7-8 - 30%
Continual Evaluation Quiz 9-10 - 30%
Continual Evaluation Quiz 11-12 - 40%"
経営,"プログラミング実習","丹羽　直美","毎回の課題提出70%、オリジナルプログラムの作成課題30%で評価する"
経営,"プログラミング実習","中島　俊明","毎回の課題提出70%、オリジナルプログラムの作成課題30%で評価する"
経営,"生命の多様性","江田　信豊","試験７０％，ショートレポート３０％　：講義内容の理解度と前後の関連を結びつけているのかを問う．"
経営,"生命の多様性","江田　信豊","試験７０％，ショートレポート３０％　：講義内容の理解度と前後の関連を結びつけているのかを問う．"
経営,"ジェンダーと社会","矢島　洋子","授業への参加（授業時のコメントなど）20％、試験80％"
経営,"ジェンダーと社会","矢島　洋子","授業への参加（授業時のコメントなど）20％、試験80％"
経営,"社会学","矢島　洋子","授業への参加（授業時のコメントなど）20％、試験80％"
経営,"社会学","矢島　洋子","授業への参加（授業時のコメントなど）20％、試験80％"
経営,"ミクロ経済学入門","赤木　博文","期末の筆記試験の成績が１００％である。なお、授業の中で実施する経済実験での得点により、５から１０点程度を加点することがある。"
経営,"ミクロ経済学入門","赤木　博文","期末の筆記試験の成績が１００％である。なお、授業の中で実施する経済実験での得点により、５から１０点程度を加点することがある。"
経営,"上級簿記２","田代　樹彦","試験100％"
経営,"上級簿記２","田代　樹彦","試験100％"
経営,"情報活用リテラシー","堀川　新吾","実習完成度１００％。ただし、欠席回数が５回以上の場合は欠格とし、単位を与えない。"
経営,"情報活用リテラシー","堀川　新吾","実習完成度１００％。ただし、欠席回数が５回以上の場合は欠格とし、単位を与えない。"
経営,"英語（リーディング）２","柴　麻己子","定期試験　60％　単語テスト　20％　平常点（グループワークでの参加度など授業態度）　20％"
経営,"英語（コミュニケーション）２","BAILEY Mark","Speaking test: _20___%   Participation:__15__% 
Report: _25___%    Mini-tests: _20__%       End of Semester Test: __20__%"
経営,"英語（リーディング）２","神谷　真起子","定期試験の成績を基（約８０％）に、小テストおよび授業への参加態度も考慮（約２０％）して、適正な評価を行う。"
経営,"英語（コミュニケーション）２","SUSAN HANSEN","All students must own, and bring to every class an English dictionary."
経営,"英語（リーディング）２","大達　誉華","定期試験 30%　　　　　その他 10%
多読 30%
語彙テスト 30%"
経営,"英語（リーディング）２","森　法子","中間試験(45%)、定期試験(45%)、平常点(10%)  平常点は授業への参加状況等、総合的に判断する。"
経営,"英語（コミュニケーション）２","CHAMBERS Timothy","Every unit gives you the chance to earn five points toward your grade. Come to class, be prepared."
経営,"英語（コミュニケーション）２","BARNES TIMOTHY J","平常点（クラス参加，グループ作業）３０％　授業発表　20％　クイズ（小テスト） ３０％　宿題／レポート　２０％"
経営,"英語（リーディング）２","鬼頭　修","平常点（小テスト、課題、実力テスト、中間テスト）50%
定期試験　50%"
経営,"フランス語初級１","井出　勉","平常点（積極的な学習態度を評価する）30％　定期試験70％"
経営,"ドイツ語初級１","木股　錬治","小テスト・提出物３０％、授業への参加度２０％、定期試験５０％で評価します。"
経営,"ハングル初級１","金　由那","授業参加度30％、小テスト20％、定期試験50％"
経営,"ハングル初級１","金　由那","授業参加度30％、小テスト20％、定期試験50％"
経営,"中国語初級２","ｹｲ 桂芝","定期試験７０％、小テスト３０％で評価をします。１１回以上の出席が評価の前提となります。"
経営,"中国語初級２","徐　春陽","定期試験60％、平常点40％（小テスト20％、授業参加度20％）、3分の1以上の欠席は欠格とする。"
経営,"中国語初級２","張　静萱","成績評価は試験、授業態度などにより総合判定をする。授業回数の三分の一以上を欠席した場合、欠格とする。平常点20％、試験80％"
経営,"中国語初級２","張　書涵","試験100%。"
経営,"フランス語初級１","山口　憲男","筆記試験の結果による評価（１００％）．　ただし，授業回数の３分の１以上欠席した場合は欠格とします．"
経営,"ハングル初級１","李　芝賢","試験5０％と平常点5０％（小テスト、授業態度、課題）を持って評価します。"
経営,"ハングル初級１","李　芝賢","試験5０％と平常点5０％（小テスト、授業態度、課題）を持って評価します。"
経営,"健康科学論","冨岡　徹","平常点（学習態度・小課題）：30％、レポート：70％を目安とする。 "
経営,"健康科学論","冨岡　徹","平常点（学習態度・小課題）：30％、レポート：70％を目安とする。 "
経営,"（特２）実践簿記論２","深谷　善治","ミニテスト２５％、確認テスト２５％、定期試験５０％で評価します。"
経営,"（特２）実践簿記論２","深谷　善治","ミニテスト２５％、確認テスト２５％、定期試験５０％で評価します。"
経営,"文化人類学の世界","杉尾　浩規","講義回数の3分の2以上の出席を条件に、学期末レポート100%で評価します（つまり、出席条件が満たされていない場合は欠格扱いとなり、レポートを提出しても評価の対象とはなりません）。"
経営,"文化人類学の世界","杉尾　浩規","講義回数の3分の2以上の出席を条件に、学期末レポート100%で評価します（つまり、出席条件が満たされていない場合は欠格扱いとなり、レポートを提出しても評価の対象とはなりません）。"
経営,"歴史と文化","武内　剛","平常点（授業態度）15％、試験85％"
経営,"歴史と文化","武内　剛","平常点（授業態度）15％、試験85％"
経営,"芸術文化論","徳重　道朗","随時小テストを行い、またレポートの提出を求める。成績はそれら80％、受講態度20％で評価する。3分の1以上欠席したものは、単位認定対象外とする。　"
経営,"芸術文化論","徳重　道朗","随時小テストを行い、またレポートの提出を求める。成績はそれら80％、受講態度20％で評価する。3分の1以上欠席したものは、単位認定対象外とする。　"
経営,"アジア文化論","水野　光朗","定期試験１００％。"
経営,"アジア文化論","水野　光朗","定期試験１００％。"
経営,"心の科学","森泉　哲","中間小テスト（８回目授業時）３０％、最終回授業課題の成績４０％、授業中の課題３０％によって評価する。また授業回数の３分の１以上欠席した場合は欠格とする。"
経営,"心の科学","森泉　哲","中間小テスト（８回目授業時）３０％、最終回授業課題の成績４０％、授業中の課題３０％によって評価する。また授業回数の３分の１以上欠席した場合は欠格とする。"
経営,"フランス語初級２","植田　裕志","小テスト（20％）：単語と動詞活用
定期試験（80％）"
経営,"ハングル初級２","金　由那","授業参加度30％、小テスト20％、定期試験50％"
経営,"ハングル初級２","金　由那","授業参加度30％、小テスト20％、定期試験50％"
経営,"ドイツ語初級２","保坂　和宣","定期試験７割、 課題の発表等の平常点３割。 授業時は辞書必携のこと"
経営,"中国語初級１","丸尾　誠","定常点（２０％）、試験（８０％）。
平常点は授業への参加状況、授業態度で総合的に判断する。
出席回数が３分の２に満たない場合は、欠格として定期試験の受験資格を認めない。"
経営,"中国語初級１","前田　光子","試験６０％、平常点４０％（復習小テスト３０％、提出物・授業態度１０％）"
経営,"フランス語初級２","山口　憲男","筆記試験の結果による評価（１００％）．　ただし，授業回数の３分の１以上欠席した場合は欠格とします．"
経営,"中国語初級１","龍神　邦男","５回の小テストの累積点数（７０％）と、練習問題への取り組みおよびその結果に対する評価・授業態度・発言頻度・質問頻度の総合的な評価（３０％）の合計で評価する。なお、小テストを欠席した場合はその事情に応じて補点する。補点の詳細は授業時に説明する。５回の小テスト終了時に合格点数に満たないものには補充試験を実施する。
出席は加点要素としないが、授業回数の３分の２以上の出席に満たない場合は欠格とする。"
経営,"中国語初級１","渡辺　幸彦","平常点（授業態度）３割、試験７割"
経営,"ハングル初級２","金　奈淑","試験50％と平常点（小テスト、授業参加度など）50％"
経営,"ハングル初級２","金　奈淑","試験50％と平常点（小テスト、授業参加度など）50％"
経営,"数と論理","澤田　彰博","課題・小テスト（40％）：理解度の確認のため，授業期間中に数回，課題（ミニレポート）や小テストを課す。
試験（60％）：計算問題。"
経営,"数と論理","澤田　彰博","課題・小テスト（40％）：理解度の確認のため，授業期間中に数回，課題（ミニレポート）や小テストを課す。
試験（60％）：計算問題。"
経営,"法と社会","村上　広一","試験60%、レポート20%、e-learningによる小テスト20%で評価する。e-learningによる準備学習・事後学習,レポートで毎回の講義内容の理解度について確認する。欠格は適用しないが,試験のみでは合格できないので注意すること。"
経営,"法と社会","村上　広一","試験60%、レポート20%、e-learningによる小テスト20%で評価する。e-learningによる準備学習・事後学習,レポートで毎回の講義内容の理解度について確認する。欠格は適用しないが,試験のみでは合格できないので注意すること。"
経営,"物質の成り立ち","高谷　芳明","授業参加度および授業態度20％。定期試験あるいはレポート80％で評価する。"
経営,"物質の成り立ち","高谷　芳明","授業参加度および授業態度20％。定期試験あるいはレポート80％で評価する。"
経営,"ファイナンス入門【経営学科1年次】","高山　晃郎、田澤　宗裕","皆さんが将来、社会人として生活していく上で、ファイナンスの知識は必要不可欠です。自分のお金は、自分で守らなければならない時代です。ファイナンスの基礎を、分かりやすく講義します。"
経営,"統計学入門【1年次】","鳥居　弘志","小テスト・中間テスト・課題（40％），定期試験（60％）"
経営,"統計学入門【1年次】","鳥居　弘志","小テスト・中間テスト・課題（40％），定期試験（60％）"
経営,"経営分析入門【経営学科1年次】","柳田　純也","　定期試験（100％）で評価する。ただし、出席回数が3分の2以下の場合は欠格とする。"
経営,"マーケティング入門【経営学科1年次】","澤田　慎治","試験100％。但し、レポートを課し、評価基準に加える場合もある。なお、授業回数の３分の２以上の出席に満たない場合は欠格とする。"
経営,"キャリア・デザイン論【経営学科1年次】","五十畑　浩平","授業への参加度：70％（ワークシートの提出も含む）
レポート課題：30％
受講生との双方向のコミュニケーションを重視するため，出席のみならず，質問や発言など授業への積極的な参加を高く評価します．また，自身のキャリア・デザインに関してレポートを提出してもらいます．"
経営,"基本簿記【2年次以上】※経営学部1年次再履修","伊藤　悟","小テスト（３０％）と定期試験（７０％）で評価する。"
経営,"基本簿記【2年次以上】※経営学部1年次再履修","伊藤　悟","小テスト（３０％）と定期試験（７０％）で評価する。"
経営,"現代経営入門","宮崎　信二","試験およびビデオ等のレポートで評価。試験70～80％、レポート30～20％。講義中のレポートおよび出席回数が2分の1以下の学生は、欠格となる場合がある。"
経営,"現代経営入門","宮崎　信二","試験およびビデオ等のレポートで評価。試験70～80％、レポート30～20％。講義中のレポートおよび出席回数が2分の1以下の学生は、欠格となる場合がある。"
経営,"英語上級２(コミュニケーション)","Beatty Robert","Please try your best and ask any questions that you may have during or after class."
経営,"英語上級２(コミュニケーション)","Beatty Robert","Please try your best and ask any questions that you may have during or after class."
経営,"英語中級２(コミュニケーション)","Beatty Robert","Please try your best and ask any questions that you may have during or after class."
経営,"英語中級２(コミュニケーション)","Beatty Robert","Please try your best and ask any questions that you may have during or after class."
経営,"英語上級２(リーディング)","山添　直樹","平常点　６０％（ATR CALL BRIX ４０％、課題２０％）
試験　４０％
授業回数の３分の１以上欠席した場合は、欠格とする。"
経営,"英語上級２(リーディング)","山添　直樹","平常点　６０％（ATR CALL BRIX ４０％、課題２０％）
試験　４０％
授業回数の３分の１以上欠席した場合は、欠格とする。"
経営,"英語（コミュニケーション）２【再】","Beatty Robert"," 
1. My Weekly Writing Journal vol.1				

                                        Minehane,Markovitz,Hoare                                


"
経営,"英語（コミュニケーション）２【再】","Beatty Robert"," 
1. My Weekly Writing Journal vol.1				

                                        Minehane,Markovitz,Hoare                                


"
経営,"英語基礎２(コミュニケーション)","Beatty Robert"," 
1. My Weekly Writing Journal vol.1				

                                        Minehane,Markovitz,Hoare                                


"
経営,"英語基礎２(コミュニケーション)","Beatty Robert"," 
1. My Weekly Writing Journal vol.1				

                                        Minehane,Markovitz,Hoare                                


"
経営,"英語（リーディング）２【再】","森藤　庄平","1)　 読解・文法に必要な思考力の向上を図るため、自ら考察してもらい、お互いの意見の交換を行う。「暗記の英語」（雰囲気で勉強してきた英語）から、「理解する英語」への橋渡しをする。(2)  演習のため、授業参加態度を重視する。(3)　辞書(ジーニアス英和辞典など）を必ず持参すること。"
経営,"英語（リーディング）２【再】","森藤　庄平","1)　 読解・文法に必要な思考力の向上を図るため、自ら考察してもらい、お互いの意見の交換を行う。「暗記の英語」（雰囲気で勉強してきた英語）から、「理解する英語」への橋渡しをする。(2)  演習のため、授業参加態度を重視する。(3)　辞書(ジーニアス英和辞典など）を必ず持参すること。"
経営,"英語初級１-２(リーディング)","森藤　庄平","1)　 読解・文法に必要な思考力の向上を図るため、自ら考察してもらい、お互いの意見の交換を行う。「暗記の英語」（雰囲気で勉強してきた英語）から、「理解する英語」への橋渡しをする。(2)  演習のため、授業参加態度を重視する。(3)　辞書(ジーニアス英和辞典など）を必ず持参すること。"
経営,"英語初級１-２(リーディング)","森藤　庄平","1)　 読解・文法に必要な思考力の向上を図るため、自ら考察してもらい、お互いの意見の交換を行う。「暗記の英語」（雰囲気で勉強してきた英語）から、「理解する英語」への橋渡しをする。(2)  演習のため、授業参加態度を重視する。(3)　辞書(ジーニアス英和辞典など）を必ず持参すること。"
経営,"英語基礎２(リーディング)","森藤　庄平","1)　 読解・文法に必要な思考力の向上を図るため、自ら考察してもらい、お互いの意見の交換を行う。「暗記の英語」（雰囲気で勉強してきた英語）から、「理解する英語」への橋渡しをする。(2)  演習のため、授業参加態度を重視する。(3)　辞書(ジーニアス英和辞典など）を必ず持参すること。"
経営,"英語基礎２(リーディング)","森藤　庄平","1)　 読解・文法に必要な思考力の向上を図るため、自ら考察してもらい、お互いの意見の交換を行う。「暗記の英語」（雰囲気で勉強してきた英語）から、「理解する英語」への橋渡しをする。(2)  演習のため、授業参加態度を重視する。(3)　辞書(ジーニアス英和辞典など）を必ず持参すること。"
経営,"海外語学実習","経営学部長","研修先発行の修了書を指定期間内に学務センター（経営・経済）窓口に提出することにより、語学研修の成果を単位（2単位）として認定する。（成績証明書にはＮで表示）　"
経営,"海外語学実習","経営学部長","研修先発行の修了書を指定期間内に学務センター（経営・経済）窓口に提出することにより、語学研修の成果を単位（2単位）として認定する。（成績証明書にはＮで表示）　"
経営,"専門ゼミナール１","堀畑　正樹","平常点７０％：予習と授業での発言など、積極的な授業参加を評価する。
ゼミナール論文３０％：授業の理解度と論述内容を評価する。"
経営,"専門ゼミナール１","堀畑　正樹","平常点７０％：予習と授業での発言など、積極的な授業参加を評価する。
ゼミナール論文３０％：授業の理解度と論述内容を評価する。"
経営,"専門ゼミナール１","東　博通","平常点（日頃のゼミへの取り組み態度）６０％　　
ゼミレポート：４０％"
経営,"専門ゼミナール１","東　博通","平常点（日頃のゼミへの取り組み態度）６０％　　
ゼミレポート：４０％"
経営,"専門ゼミナール１","鳥居　弘志","毎回の課題（５０％），レポート・プレゼンテーション内容（５０％）を総合的に評価する。"
経営,"専門ゼミナール１","鳥居　弘志","毎回の課題（５０％），レポート・プレゼンテーション内容（５０％）を総合的に評価する。"
経営,"専門ゼミナール１","村松　恵子","平常点（５０点：課題への取り組みや、授業中の発言など）と、夏休み・冬休みの課題研究成果（５０点）の合計で評価します。ただし、講義回数の３分の１以上の欠席があった場合には、欠格とします。"
経営,"専門ゼミナール１","村松　恵子","平常点（５０点：課題への取り組みや、授業中の発言など）と、夏休み・冬休みの課題研究成果（５０点）の合計で評価します。ただし、講義回数の３分の１以上の欠席があった場合には、欠格とします。"
経営,"専門ゼミナール１","澤田　慎治","各課題ごとに提出物について40％。平常点（授業内での課題に取組む積極性、探究心）60％。課題等が未提出の場合は、単位を与えない。また、出席回数が３分の２以下の場合は欠格とする。"
経営,"専門ゼミナール１","澤田　慎治","各課題ごとに提出物について40％。平常点（授業内での課題に取組む積極性、探究心）60％。課題等が未提出の場合は、単位を与えない。また、出席回数が３分の２以下の場合は欠格とする。"
経営,"専門ゼミナール１","相川　奈美","ゼミナール活動の貢献・意欲（１００％）で評価する。"
経営,"専門ゼミナール１","相川　奈美","ゼミナール活動の貢献・意欲（１００％）で評価する。"
経営,"専門ゼミナール１","桑島　薫","平常点（授業での発表・質疑応答・小レポート）と期末レポートにより総合的に評価する。"
経営,"専門ゼミナール１","桑島　薫","平常点（授業での発表・質疑応答・小レポート）と期末レポートにより総合的に評価する。"
経営,"専門ゼミナール１","SUSAN HANSEN","EFFORT  75％　　END-OF-YEAR REPORT  25％"
経営,"専門ゼミナール１","SUSAN HANSEN","EFFORT  75％　　END-OF-YEAR REPORT  25％"
経営,"専門ゼミナール１","橋場　俊展","課題やプレゼンテーションに取り組む姿勢、プレゼンテーションの質50％、レポート50％"
経営,"専門ゼミナール１","橋場　俊展","課題やプレゼンテーションに取り組む姿勢、プレゼンテーションの質50％、レポート50％"
経営,"専門ゼミナール１","宮崎　信二","各種行事への参加。日常評価（60～70％）、レポート（40～30％）の予定。"
経営,"専門ゼミナール１","宮崎　信二","各種行事への参加。日常評価（60～70％）、レポート（40～30％）の予定。"
経営,"専門ゼミナール１","澤田　貴之","授業態度、発言頻度、質問頻度、課題への取り組み姿勢とレポートによって判断する。"
経営,"専門ゼミナール１","澤田　貴之","授業態度、発言頻度、質問頻度、課題への取り組み姿勢とレポートによって判断する。"
経営,"専門ゼミナール１","瀬川　新一","無遅刻無欠席，および，全課題提出を前提としたうえで、基本的には加点方式で評価します。平常点（取組み姿勢、発言内容・回収など）：50％　レポート：50％"
経営,"専門ゼミナール１","瀬川　新一","無遅刻無欠席，および，全課題提出を前提としたうえで、基本的には加点方式で評価します。平常点（取組み姿勢、発言内容・回収など）：50％　レポート：50％"
経営,"専門ゼミナール１","岸川　典昭","出席態度と発表70％、単位論文　30％"
経営,"専門ゼミナール１","岸川　典昭","出席態度と発表70％、単位論文　30％"
経営,"専門ゼミナール１","田中　武憲","レポート作成：２５％＋発表：２５％＋合同ゼミ：５０％"
経営,"専門ゼミナール１","田中　武憲","レポート作成：２５％＋発表：２５％＋合同ゼミ：５０％"
経営,"専門ゼミナール１","山本　いづみ","・出席状況（前期演習回数の1/３以上を欠席した場合、また後期演習回数の１/３以上を欠席した場合、自動的に単位不認定。なお出席は加点要素としない）、平常点（演習中の発表、討論への積極的な参加など）、前期レポート、夏季休暇中の課題、プレゼンコンテストの発表内容、後期レポートなどを総合判断して評価する。 
・図書館を積極的に利用し、多くの書籍文献を参照することを義務付ける。この作業を欠く者は、評価が大変低くなる（合格点に達さない場合もある）。
・提出物について：単なる「ウェッブサイトのコピペ」を発表資料、提出物として提出することは厳しく禁止する（著作権侵害は許されない）。
・ゼミ中に教員の許可なくスマートフォンを使用する場合、その回は欠席扱いとする。
・上記を含め、ゼミ進行を妨げるような行動には、その後の受講継続を許可するかどうかを含め、厳格に対処する。"
経営,"専門ゼミナール１","山本　いづみ","・出席状況（前期演習回数の1/３以上を欠席した場合、また後期演習回数の１/３以上を欠席した場合、自動的に単位不認定。なお出席は加点要素としない）、平常点（演習中の発表、討論への積極的な参加など）、前期レポート、夏季休暇中の課題、プレゼンコンテストの発表内容、後期レポートなどを総合判断して評価する。 
・図書館を積極的に利用し、多くの書籍文献を参照することを義務付ける。この作業を欠く者は、評価が大変低くなる（合格点に達さない場合もある）。
・提出物について：単なる「ウェッブサイトのコピペ」を発表資料、提出物として提出することは厳しく禁止する（著作権侵害は許されない）。
・ゼミ中に教員の許可なくスマートフォンを使用する場合、その回は欠席扱いとする。
・上記を含め、ゼミ進行を妨げるような行動には、その後の受講継続を許可するかどうかを含め、厳格に対処する。"
経営,"専門ゼミナール１","伊藤　秀俊","試験50％、 レポート50％"
経営,"専門ゼミナール１","伊藤　秀俊","試験50％、 レポート50％"
経営,"専門ゼミナール１","今井　斉","発表、レポートを総合的に判断して評価する。平常点（発表など）：50％、レポート：50％"
経営,"専門ゼミナール１","今井　斉","発表、レポートを総合的に判断して評価する。平常点（発表など）：50％、レポート：50％"
経営,"専門ゼミナール１","長尾　晃宏","ゼミ活動での発表20%、討論20%、取り組みへの意欲20%、提出物40%の総合判定"
経営,"専門ゼミナール１","長尾　晃宏","ゼミ活動での発表20%、討論20%、取り組みへの意欲20%、提出物40%の総合判定"
経営,"専門ゼミナール１","堀川　新吾","　レポートおよびプレゼンテーション１００％。ただし、欠席回数が１０回以上の場合は欠格とし、単位を与えない。なお、プレゼンコンテストへの参加を義務付ける。"
経営,"専門ゼミナール１","堀川　新吾","　レポートおよびプレゼンテーション１００％。ただし、欠席回数が１０回以上の場合は欠格とし、単位を与えない。なお、プレゼンコンテストへの参加を義務付ける。"
経営,"専門ゼミナール１","村上　広一","発表・議論への積極的な参加・態度40％、プレゼンテーション・レポート60％。3分の1以上を欠席した場合（遅刻は欠席2分の1と評価する）は、欠格とする。発表が当たっているのに無断欠席した場合も、単位不認定とする。"
経営,"専門ゼミナール１","村上　広一","発表・議論への積極的な参加・態度40％、プレゼンテーション・レポート60％。3分の1以上を欠席した場合（遅刻は欠席2分の1と評価する）は、欠格とする。発表が当たっているのに無断欠席した場合も、単位不認定とする。"
経営,"専門ゼミナール１","大﨑　孝徳","クラスでの発言80％・レポート20％"
経営,"専門ゼミナール１","大﨑　孝徳","クラスでの発言80％・レポート20％"
経営,"専門ゼミナール１","大西　幹弘","出席して質疑に参加：60%　　提出レポート：40%　　なお出席には情報処理教室での正課への出席に加えて新ゼミ生歓迎会、OB・OG会、ゼミ合宿、年末懇親会および追いコンへの出席を含みます。
なお講義回数の1/3以上の無断欠席がある場合には原則として欠格とします。"
経営,"専門ゼミナール１","大西　幹弘","出席して質疑に参加：60%　　提出レポート：40%　　なお出席には情報処理教室での正課への出席に加えて新ゼミ生歓迎会、OB・OG会、ゼミ合宿、年末懇親会および追いコンへの出席を含みます。
なお講義回数の1/3以上の無断欠席がある場合には原則として欠格とします。"
経営,"専門ゼミナール１","田代　樹彦"," 
1. 『財務比率の読み方』				

                                        石井康彦・田代樹彦                                

					税務経理協会				

2. 『財務諸表分析』				

                                        桜井久勝                                

					中央経済社				
"
経営,"専門ゼミナール１","田代　樹彦"," 
1. 『財務比率の読み方』				

                                        石井康彦・田代樹彦                                

					税務経理協会				

2. 『財務諸表分析』				

                                        桜井久勝                                

					中央経済社				
"
経営,"専門ゼミナール１","柳田　純也","　ゼミでの貢献・意欲（通常のゼミでの発表と議論状況、プレゼン・コンテストや証券ゼミナール大会など、への参加、論文の作成など）を総合的に評価する。"
経営,"専門ゼミナール１","柳田　純也","　ゼミでの貢献・意欲（通常のゼミでの発表と議論状況、プレゼン・コンテストや証券ゼミナール大会など、への参加、論文の作成など）を総合的に評価する。"
経営,"専門ゼミナール１","東田　明","平常点（出席態度・報告・質疑・小レポート）と期末レポートにより評価する。"
経営,"専門ゼミナール１","東田　明","平常点（出席態度・報告・質疑・小レポート）と期末レポートにより評価する。"
経営,"専門ゼミナール１","田澤　宗裕","クラスでの発言５０％、レポート５０％"
経営,"専門ゼミナール１","田澤　宗裕","クラスでの発言５０％、レポート５０％"
経営,"専門ゼミナール１","高山　晃郎","平常点により評価する。報告内容や議論の積極性などを重視する。"
経営,"専門ゼミナール１","高山　晃郎","平常点により評価する。報告内容や議論の積極性などを重視する。"
経営,"専門ゼミナール１","五十畑　浩平","レポート、プレゼン、その他課題への取り組み姿勢（70%）、およびゼミ運営への貢献度（30%）"
経営,"専門ゼミナール１","五十畑　浩平","レポート、プレゼン、その他課題への取り組み姿勢（70%）、およびゼミ運営への貢献度（30%）"
経営,"経営科学１","鳥居　弘志","小テスト・中間テスト・課題（40％），定期試験（60％）"
経営,"経営科学１","鳥居　弘志","小テスト・中間テスト・課題（40％），定期試験（60％）"
経営,"統計学１","鳥居　弘志","小テスト・中間テスト・課題（40％），定期試験（60％）"
経営,"統計学１","鳥居　弘志","小テスト・中間テスト・課題（40％），定期試験（60％）"
経営,"企業形態論","瀬川　新一","基本的には試験の成績によって評価する。ただし、試験について出席回数が3分の2以下の場合欠格とする。また授業中の受講態度などが悪質な場合、減点することがある。試験：100％、単なる記憶力ではなく、講義内容をふまえた思考力を問う"
経営,"企業形態論","瀬川　新一","基本的には試験の成績によって評価する。ただし、試験について出席回数が3分の2以下の場合欠格とする。また授業中の受講態度などが悪質な場合、減点することがある。試験：100％、単なる記憶力ではなく、講義内容をふまえた思考力を問う"
経営,"ドイツ語オーラルコミュニケーション（初級）１","ポミコル　ヤン","平常授業中の発表(30%)と定期テスト(70%)のすべてを総合して、評価します。"
経営,"ドイツ語オーラルコミュニケーション（初級）１","ポミコル　ヤン","平常授業中の発表(30%)と定期テスト(70%)のすべてを総合して、評価します。"
経営,"英語（コミュニケーション）中級１","HOARE Peter A.","Continual Evaluation Quiz 1-2 - 30%
Continual Evaluation Quiz 3-4 - 30%
Continual Evaluation Quiz 5-6 - 40%"
経営,"英語（コミュニケーション）中級１","HOARE Peter A.","Continual Evaluation Quiz 1-2 - 30%
Continual Evaluation Quiz 3-4 - 30%
Continual Evaluation Quiz 5-6 - 40%"
経営,"中級簿記","相川　奈美","小テスト３０％、定期テスト７０％で評価する。"
経営,"中級簿記","相川　奈美","小テスト３０％、定期テスト７０％で評価する。"
経営,"英語特別演習１","村上　広一","平常点（受講態度（予習の状況、発言内容など）と翻訳の精度）で評価する。3分の1以上を欠席した場合（遅刻は欠席2分の1と評価する）は、単位不認定。"
経営,"英語特別演習１","村上　広一","平常点（受講態度（予習の状況、発言内容など）と翻訳の精度）で評価する。3分の1以上を欠席した場合（遅刻は欠席2分の1と評価する）は、単位不認定。"
経営,"経営管理史","今井　斉","試験の成績を中心に評価する。 試験：100％"
経営,"経営管理史","今井　斉","試験の成績を中心に評価する。 試験：100％"
経営,"英語（リーディング）３","森藤　庄平","(1)　 読解・文法に必要な思考力の向上を図るため、自ら考察してもらい、お互いの意見の交換を行う。「暗記の英語」（雰囲気で勉強してきた英語）から、「理解する英語」への橋渡しをする。(2)  演習のため、授業参加態度を重視する。(3)　辞書(ジーニアス英和辞典など）を必ず持参すること。"
経営,"英語（リーディング）３","森藤　庄平","(1)　 読解・文法に必要な思考力の向上を図るため、自ら考察してもらい、お互いの意見の交換を行う。「暗記の英語」（雰囲気で勉強してきた英語）から、「理解する英語」への橋渡しをする。(2)  演習のため、授業参加態度を重視する。(3)　辞書(ジーニアス英和辞典など）を必ず持参すること。"
経営,"マーケティング戦略論","丹下　博文","試験７０％、授業への参加態度３０％。なお、レポートや小テスト等はない。"
経営,"マーケティング論","長尾　晃宏","授業中の意欲的な参加点２５％、レポート１５％、試験６０％。なお欠席5回以上は欠格。欠席が４回以下でも、講義中のミニテストと課題レポートの提出が、実施回数の半分に満たない者は欠格とする。"
経営,"マーケティング論","長尾　晃宏","授業中の意欲的な参加点２５％、レポート１５％、試験６０％。なお欠席5回以上は欠格。欠席が４回以下でも、講義中のミニテストと課題レポートの提出が、実施回数の半分に満たない者は欠格とする。"
経営,"健康・スポーツ科学３（バスケットボール）","坂本　太一","平常点:80％（授業参加度:40％、授業態度:40％）、 レポート:20％　を目安とする。"
経営,"健康・スポーツ科学３（バスケットボール）","坂本　太一","平常点:80％（授業参加度:40％、授業態度:40％）、 レポート:20％　を目安とする。"
経営,"現代産業組織論【経営学科】","大西　幹弘","講義回数の2/3以上の出席があり、かつ理解度確認テストを受験した場合にのみ単位認定の対象とします。配点は原則として次の通りです。
出席して質疑に参加：50%　理解度確認テスト：30%　レポート：10%　インターンシップへの参加：10%
なお講義に1/3以上無断欠席した場合には欠格とします。"
経営,"金融論","高山　晃郎","平常点（授業への積極的な参加）２０％、試験８０％"
経営,"金融論","高山　晃郎","平常点（授業への積極的な参加）２０％、試験８０％"
経営,"ドイツ語応用１","木股　錬治","小試験３０％、授業への参加度２０％、定期試験５０％。"
経営,"ドイツ語応用１","木股　錬治","小試験３０％、授業への参加度２０％、定期試験５０％。"
経営,"フランス語応用１","堀畑　正樹","平常点５０％：積極的な授業参加を評価する。
試験５０％：授業の理解度を評価する。"
経営,"フランス語応用１","堀畑　正樹","平常点５０％：積極的な授業参加を評価する。
試験５０％：授業の理解度を評価する。"
経営,"健康・スポーツ科学３（バドミントン）","小泉　和也","実技授業に楽しく、まじめに取り組むことが評価となり、技術の良し悪しで評価はしない。"
経営,"健康・スポーツ科学３（バドミントン）","小泉　和也","実技授業に楽しく、まじめに取り組むことが評価となり、技術の良し悪しで評価はしない。"
経営,"外国書講読(英語)１","五十畑　浩平","平常点（小テストの点数、発言内容、グループワークへの積極性）で評価する。
毎回行う小テストの点が基準点に満たない場合など、予習不足が明らかな場合は、欠席扱いとなる。
欠席5回（無断欠席の場合3回）で単位不認定となる"
経営,"外国書講読(英語)１","五十畑　浩平","平常点（小テストの点数、発言内容、グループワークへの積極性）で評価する。
毎回行う小テストの点が基準点に満たない場合など、予習不足が明らかな場合は、欠席扱いとなる。
欠席5回（無断欠席の場合3回）で単位不認定となる"
経営,"フランス語オーラルコミュニケーション（初級）１","GARDAIX Laetitia M.","授業参加度：30点  小テスト：40点　提出物：30点"
経営,"フランス語オーラルコミュニケーション（初級）１","GARDAIX Laetitia M.","授業参加度：30点  小テスト：40点　提出物：30点"
経営,"英語（コミュニケーション）中級１","SWEETLOVE DOUGLAS W"," 
1. Conversations In Class, 3rd Edition				

                                        978-4-905343-12-7                                

					Alma Publishing, Kyoto				
"
経営,"英語（コミュニケーション）中級１","SWEETLOVE DOUGLAS W"," 
1. Conversations In Class, 3rd Edition				

                                        978-4-905343-12-7                                

					Alma Publishing, Kyoto				
"
経営,"企業財務論","田澤　宗裕","次のＡ方式とＢ方式のうち、高い方の得点で評価する。
Ａ方式：小テスト４０％、試験６０％
Ｂ方式：試験１００％"
経営,"企業財務論","田澤　宗裕","次のＡ方式とＢ方式のうち、高い方の得点で評価する。
Ａ方式：小テスト４０％、試験６０％
Ｂ方式：試験１００％"
経営,"人的資源管理論","橋場　俊展","定期試験70％、レポート30％（含むミニレポート）"
経営,"人的資源管理論","橋場　俊展","定期試験70％、レポート30％（含むミニレポート）"
経営,"中国語オーラルコミュニケーション（初級）１","王　喜云","学習態度30％及び定期試験70％を総合的に評価する。"
経営,"中国語オーラルコミュニケーション（初級）１","王　喜云","学習態度30％及び定期試験70％を総合的に評価する。"
経営,"経営組織論","岸川　典昭","試験100％：講義内容の基礎的事項(70％)、応用問題(30％)"
経営,"経営組織論","岸川　典昭","試験100％：講義内容の基礎的事項(70％)、応用問題(30％)"
経営,"ハングルオーラルコミュニケーション（初級）１","李　芝賢","テスト50％、平常点（参加度、授業態度、小テストなど）50％
授業回数の3分の1以上欠席時は欠格となるのでご注意ください。"
経営,"ハングルオーラルコミュニケーション（初級）１","李　芝賢","テスト50％、平常点（参加度、授業態度、小テストなど）50％
授業回数の3分の1以上欠席時は欠格となるのでご注意ください。"
経営,"中国語オーラルコミュニケーション（初級）１","王　喜云","学習態度30％及び定期試験70％を総合的に評価する。"
経営,"中国語オーラルコミュニケーション（初級）１","王　喜云","学習態度30％及び定期試験70％を総合的に評価する。"
経営,"中国語オーラルコミュニケーション（初級）１【HSK２級対策】","董　紅俊","授業中の学習態度３０パーセントと定期試験の成績７０パーセントで総合的に評価する。"
経営,"中国語オーラルコミュニケーション（初級）１【HSK２級対策】","董　紅俊","授業中の学習態度３０パーセントと定期試験の成績７０パーセントで総合的に評価する。"
経営,"工業簿記","相川　奈美","小テスト３０％、定期テスト７０％で評価する。"
経営,"工業簿記","相川　奈美","小テスト３０％、定期テスト７０％で評価する。"
経営,"財務会計論１","伊藤　秀俊","試験１００パーセント"
経営,"財務会計論１","伊藤　秀俊","試験１００パーセント"
経営,"（特１）キャリア特論","橋場　俊展、五十畑　浩平","平常点（課題のための調査、グループ活動）40％、最終報告30％、レポート30％(A4用紙2枚程度の改善提案書）"
経営,"（特１）キャリア特論","橋場　俊展、五十畑　浩平","平常点（課題のための調査、グループ活動）40％、最終報告30％、レポート30％(A4用紙2枚程度の改善提案書）"
経営,"経営史","祝田　学","授業内での小レポート(30％)，レポート提出(20％)，定期試験(50％)で評価する。"
経営,"経営史","祝田　学","授業内での小レポート(30％)，レポート提出(20％)，定期試験(50％)で評価する。"
経営,"ハングル応用１","金　由那","授業参加度30％、小テスト20％、定期試験50％"
経営,"ハングル応用１","金　由那","授業参加度30％、小テスト20％、定期試験50％"
経営,"中国語応用１","杉江　叔子","定期試験５０％、平常点（授業に対する積極性、小テスト等）５０％で評価する。"
経営,"中国語応用１","杉江　叔子","定期試験５０％、平常点（授業に対する積極性、小テスト等）５０％で評価する。"
経営,"英語（リーディング）３","佐久間　留理子","英単語熟語確認テスト（２０％）＋定期試験（８０％）"
経営,"英語（リーディング）３","佐久間　留理子","英単語熟語確認テスト（２０％）＋定期試験（８０％）"
経営,"英語（リーディング）３","佐久間　留理子","英単語熟語確認テスト（２０％）＋定期試験（８０％）"
経営,"英語（リーディング）３","佐久間　留理子","英単語熟語確認テスト（２０％）＋定期試験（８０％）"
経営,"英語特別演習１","山本　いづみ","・平常点（毎回の課題提出、報告担当箇所の発表、意見発言など演習への積極的な参加態度:70%）、前期末課題(30%)を総合判断して評価する。
・課題未提出者には、単位は授与されない。
・英和辞典を持参せずに来ても、出席にはカウントされない。注意せよ。"
経営,"英語特別演習１","山本　いづみ","・平常点（毎回の課題提出、報告担当箇所の発表、意見発言など演習への積極的な参加態度:70%）、前期末課題(30%)を総合判断して評価する。
・課題未提出者には、単位は授与されない。
・英和辞典を持参せずに来ても、出席にはカウントされない。注意せよ。"
経営,"英語基礎１(リーディング)","森藤　庄平","(1)　 読解・文法に必要な思考力の向上を図るため、自ら考察してもらい、お互いの意見の交換を行う。「暗記の英語」（雰囲気で勉強してきた英語）から、「理解する英語」への橋渡しをする。(2)  演習のため、授業参加態度を重視する。(3)　辞書(ジーニアス英和辞典など）を必ず持参すること。"
経営,"英語基礎１(リーディング)","森藤　庄平","(1)　 読解・文法に必要な思考力の向上を図るため、自ら考察してもらい、お互いの意見の交換を行う。「暗記の英語」（雰囲気で勉強してきた英語）から、「理解する英語」への橋渡しをする。(2)  演習のため、授業参加態度を重視する。(3)　辞書(ジーニアス英和辞典など）を必ず持参すること。"
経営,"健康・スポーツ科学５（スキューバ）","小泉　和也、槇野　均","ダイビング技能の上達度、および実習に対する取組みなどを総合的に見て評価する。"
経営,"健康・スポーツ科学５（スキューバ）","小泉　和也、槇野　均","ダイビング技能の上達度、および実習に対する取組みなどを総合的に見て評価する。"
経営,"経営科学２","鳥居　弘志","小テスト・中間テスト・課題（40％），定期試験（60％）"
経営,"経営科学２","鳥居　弘志","小テスト・中間テスト・課題（40％），定期試験（60％）"
経営,"統計学２","鳥居　弘志","小テスト・中間テスト・課題（40％），定期試験（60％）"
経営,"統計学２","鳥居　弘志","小テスト・中間テスト・課題（40％），定期試験（60％）"
経営,"現代企業論","瀬川　新一","基本的には試験の成績によって評価する。ただし、試験について出席回数が3分の2以下の場合欠格とする。また授業中の受講態度などが悪質な場合には減点することがある。試験：100％、単なる記憶力ではなく、講義内容をふまえた思考力を問う"
経営,"現代企業論","瀬川　新一","基本的には試験の成績によって評価する。ただし、試験について出席回数が3分の2以下の場合欠格とする。また授業中の受講態度などが悪質な場合には減点することがある。試験：100％、単なる記憶力ではなく、講義内容をふまえた思考力を問う"
経営,"ドイツ語オーラルコミュニケーション（初級）２","ポミコル　ヤン","平常授業中の発表(30%)と定期テスト(70%)のすべてを総合して、評価します。"
経営,"ドイツ語オーラルコミュニケーション（初級）２","ポミコル　ヤン","平常授業中の発表(30%)と定期テスト(70%)のすべてを総合して、評価します。"
経営,"マーケティング・リサーチ論","鳥居　弘志","試験(70%)，課題(30%)"
経営,"英語（コミュニケーション）中級２","HOARE Peter A.","Continual Evaluation Quiz 7-8 - 30%
Continual Evaluation Quiz 9-10 - 30%
Continual Evaluation Quiz 11-12 - 40%"
経営,"英語（コミュニケーション）中級２","HOARE Peter A.","Continual Evaluation Quiz 7-8 - 30%
Continual Evaluation Quiz 9-10 - 30%
Continual Evaluation Quiz 11-12 - 40%"
経営,"英語特別演習２","村上　広一","平常点（受講態度（予習の状況、発言内容など）と翻訳の精度）で評価する。3分の1以上を欠席した場合（遅刻は欠席2分の1と評価する）は、単位不認定。"
経営,"英語特別演習２","村上　広一","平常点（受講態度（予習の状況、発言内容など）と翻訳の精度）で評価する。3分の1以上を欠席した場合（遅刻は欠席2分の1と評価する）は、単位不認定。"
経営,"原価計算論","相川　奈美","小テスト４０％、定期テスト　６０％"
経営,"原価計算論","相川　奈美","小テスト４０％、定期テスト　６０％"
経営,"現代経営管理論","今井　斉","試験の成績を中心に評価する。 試験100％"
経営,"現代経営管理論","今井　斉","試験の成績を中心に評価する。 試験100％"
経営,"情報システム論","堀川　新吾","試験１００％。ただし、欠席回数が５回以上の場合は欠格とし、単位を与えない。"
経営,"情報システム論","堀川　新吾","試験１００％。ただし、欠席回数が５回以上の場合は欠格とし、単位を与えない。"
経営,"英語（リーディング）４","森藤　庄平","1)　 読解・文法に必要な思考力の向上を図るため、自ら考察してもらい、お互いの意見の交換を行う。「暗記の英語」（雰囲気で勉強してきた英語）から、「理解する英語」への橋渡しをする。(2)  演習のため、授業参加態度を重視する。(3)　辞書(ジーニアス英和辞典など）を必ず持参すること。"
経営,"英語（リーディング）４","森藤　庄平","1)　 読解・文法に必要な思考力の向上を図るため、自ら考察してもらい、お互いの意見の交換を行う。「暗記の英語」（雰囲気で勉強してきた英語）から、「理解する英語」への橋渡しをする。(2)  演習のため、授業参加態度を重視する。(3)　辞書(ジーニアス英和辞典など）を必ず持参すること。"
経営,"健康・スポーツ科学４（バスケットボール）","坂本　太一","平常点:80％（授業参加度:40％、授業態度:40％）、レポート:20％　を目安とする。"
経営,"健康・スポーツ科学４（バスケットボール）","坂本　太一","平常点:80％（授業参加度:40％、授業態度:40％）、レポート:20％　を目安とする。"
経営,"消費者行動論","村松　幸廣","試験：75％　レポート：10％　平常点：15％（発言や質問はポイント制による上乗せ）"
経営,"国際マーケティング論","謝　憲文","平常点(受講態度と小テスト)20％、レポート20％、試験60％。"
経営,"国際マーケティング論","謝　憲文","平常点(受講態度と小テスト)20％、レポート20％、試験60％。"
経営,"情報産業組織論【経営学科】","大西　幹弘","講義回数の2/3以上の出席があり、かつ理解度確認テストを受験した場合にのみ単位認定の対象とします。配点は原則として次の通りです。
出席して質疑に参加：50%　　理解度確認テスト：30%　　レポート：10%　　インターンシップへの参加：10%
なお講義に1/3以上無断欠席した場合には欠格とします。"
経営,"金融商品取引論","高山　晃郎","平常点（授業への積極的な参加）２０％、試験８０％"
経営,"金融商品取引論","高山　晃郎","平常点（授業への積極的な参加）２０％、試験８０％"
経営,"ドイツ語応用２","木股　錬治","小試験３０％、授業への参加度２０％、定期試験５０％。"
経営,"ドイツ語応用２","木股　錬治","小試験３０％、授業への参加度２０％、定期試験５０％。"
経営,"フランス語応用２","堀畑　正樹","平常点５０％：予習や質疑応答など、積極的な授業参加を評価する。
試験５０％：授業内容の理解度を評価する。"
経営,"フランス語応用２","堀畑　正樹","平常点５０％：予習や質疑応答など、積極的な授業参加を評価する。
試験５０％：授業内容の理解度を評価する。"
経営,"健康・スポーツ科学４（バドミントン）","小泉　和也","実技授業に楽しく、まじめに取り組むことが評価となり、技術の良し悪しで評価はしない。"
経営,"健康・スポーツ科学４（バドミントン）","小泉　和也","実技授業に楽しく、まじめに取り組むことが評価となり、技術の良し悪しで評価はしない。"
経営,"外国書講読(英語)２","五十畑　浩平","平常点（小テストの点数、発言内容、グループワークへの積極性）で評価する。
毎回行う小テストの点が基準点に満たない場合など、予習不足が明らかな場合は、欠席扱いとなる。
欠席5回（無断欠席の場合3回）で単位不認定となる"
経営,"外国書講読(英語)２","五十畑　浩平","平常点（小テストの点数、発言内容、グループワークへの積極性）で評価する。
毎回行う小テストの点が基準点に満たない場合など、予習不足が明らかな場合は、欠席扱いとなる。
欠席5回（無断欠席の場合3回）で単位不認定となる"
経営,"フランス語オーラルコミュニケーション（初級）２","GARDAIX Laetitia M.","授業参加度：30点  小テスト：40点　提出物：30点"
経営,"フランス語オーラルコミュニケーション（初級）２","GARDAIX Laetitia M.","授業参加度：30点  小テスト：40点　提出物：30点"
経営,"英語（コミュニケーション）中級２","SWEETLOVE DOUGLAS W"," 
1. Conversations In Class, 3rd Edition				

                                        978-4-905343-12-7                                

					Alma Publishing, Kyoto				
"
経営,"英語（コミュニケーション）中級２","SWEETLOVE DOUGLAS W"," 
1. Conversations In Class, 3rd Edition				

                                        978-4-905343-12-7                                

					Alma Publishing, Kyoto				
"
経営,"中国語オーラルコミュニケーション（初級）２","王　喜云","学習態度30％及び定期試験70％を総合的に評価する。"
経営,"中国語オーラルコミュニケーション（初級）２","王　喜云","学習態度30％及び定期試験70％を総合的に評価する。"
経営,"マーケティング・コミュニケーション論","長尾　晃宏","コミュニケーション点15%、ミニテスト15%、課題レポート20%、試験50%。欠席５回以上は欠格。講義中のミニテストの提出が実施回数の半分に満たない者も欠格とする。"
経営,"ハングルオーラルコミュニケーション（初級）２","李　芝賢","テスト50％、平常点（参加度、授業態度、小テストなど）50％。授業回数の3分の1以上欠席時は欠格となるのでご注意ください。"
経営,"ハングルオーラルコミュニケーション（初級）２","李　芝賢","テスト50％、平常点（参加度、授業態度、小テストなど）50％。授業回数の3分の1以上欠席時は欠格となるのでご注意ください。"
経営,"中国語オーラルコミュニケーション（初級）２","王　喜云","学習態度30％及び定期試験70％を総合的に評価する。"
経営,"中国語オーラルコミュニケーション（初級）２","王　喜云","学習態度30％及び定期試験70％を総合的に評価する。"
経営,"中国語オーラルコミュニケーション（初級）２【HSK２級対策】","董　紅俊","授業中の学習態度３０パーセントと定期試験の成績７０パーセントで総合的に評価する。"
経営,"中国語オーラルコミュニケーション（初級）２【HSK２級対策】","董　紅俊","授業中の学習態度３０パーセントと定期試験の成績７０パーセントで総合的に評価する。"
経営,"会社法入門","村上　康司","原則として、定期試験の成績により評価する（100%。ただし小テスト実施の場合80%）。初回講義時に、小テスト実施の有無を受講者に決めてもらう。実施する場合、小テストの成績は、20%の評価とする。講義中、質問に対して積極的に発言をした者はその意欲を評価する。"
経営,"会社法入門","村上　康司","原則として、定期試験の成績により評価する（100%。ただし小テスト実施の場合80%）。初回講義時に、小テスト実施の有無を受講者に決めてもらう。実施する場合、小テストの成績は、20%の評価とする。講義中、質問に対して積極的に発言をした者はその意欲を評価する。"
経営,"財務会計論２","伊藤　秀俊","試験１００パーセント"
経営,"財務会計論２","伊藤　秀俊","試験１００パーセント"
経営,"ワーク・ライフ・バランス論","五十畑　浩平","レポート(30%)および定期試験(70%)"
経営,"ワーク・ライフ・バランス論","五十畑　浩平","レポート(30%)および定期試験(70%)"
経営,"英語（リーディング）４","堀川　恵","英単語熟語確認テスト（２０％）＋定期試験（８０％）"
経営,"英語（リーディング）４","堀川　恵","英単語熟語確認テスト（２０％）＋定期試験（８０％）"
経営,"ハングル応用２","金　由那","授業参加度30％、小テスト20％、定期試験50％"
経営,"ハングル応用２","金　由那","授業参加度30％、小テスト20％、定期試験50％"
経営,"中国語応用２","杉江　叔子","定期試験５０％、平常点（授業に対する積極性、小テスト等）５０％で評価
する。"
経営,"中国語応用２","杉江　叔子","定期試験５０％、平常点（授業に対する積極性、小テスト等）５０％で評価
する。"
経営,"英語（リーディング）４","堀川　恵","英単語熟語確認テスト（２０％）＋定期試験（８０％）"
経営,"英語（リーディング）４","堀川　恵","英単語熟語確認テスト（２０％）＋定期試験（８０％）"
経営,"英語特別演習２","山本　いづみ","・平常点（毎回の課題提出、報告担当箇所の発表、意見発言など演習への積極的な参加態度:70%）、後期末課題(30%)を総合判断して評価する。
・課題未提出者には、単位は授与されない。
・英和辞典を持参せずに来ても、出席にはカウントされない。注意せよ。"
経営,"英語特別演習２","山本　いづみ","・平常点（毎回の課題提出、報告担当箇所の発表、意見発言など演習への積極的な参加態度:70%）、後期末課題(30%)を総合判断して評価する。
・課題未提出者には、単位は授与されない。
・英和辞典を持参せずに来ても、出席にはカウントされない。注意せよ。"
経営,"経営分析論","田代　樹彦","講義中の発言・小テスト20％、期中レポート20％、期末レポート60％"
経営,"経営分析論","田代　樹彦","講義中の発言・小テスト20％、期中レポート20％、期末レポート60％"
経営,"健康・スポーツ科学５（スキー）","槇野　均、小泉　和也","ガイダンス出席10％．実習中の実技50％、宿泊所内での生活全般（平常点）10％実技の記録日誌30％で評価する。"
経営,"健康・スポーツ科学５（スキー）","槇野　均、小泉　和也","ガイダンス出席10％．実習中の実技50％、宿泊所内での生活全般（平常点）10％実技の記録日誌30％で評価する。"
経営,"インターンシップ","経営学部長","受入先からの評価報告書等によるインターンシップの実施状況、事前・事後研修会への参加態度、および、インターンシップ実習報告書等の提出物に基づいて評価する。（単位認定）"
経営,"インターンシップ","経営学部長","受入先からの評価報告書等によるインターンシップの実施状況、事前・事後研修会への参加態度、および、インターンシップ実習報告書等の提出物に基づいて評価する。（単位認定）"
経営,"（特１）海外インターンシップ","経営学部長","受入先からの報告によるインターンシップの実施状況、事前・事後研修への参加態度、および、海外インターンシップ実習報告書等の提出物に基づいて評価する。（単位認定）"
経営,"（特１）海外インターンシップ","経営学部長","受入先からの報告によるインターンシップの実施状況、事前・事後研修への参加態度、および、海外インターンシップ実習報告書等の提出物に基づいて評価する。（単位認定）"
経営,"専門ゼミナール２","堀畑　正樹","平常点７０％：予習、授業での発言など、積極的な授業参加を評価する。
ゼミナール論文３０％：授業の理解度と論述内容を評価する。"
経営,"専門ゼミナール２","堀畑　正樹","平常点７０％：予習、授業での発言など、積極的な授業参加を評価する。
ゼミナール論文３０％：授業の理解度と論述内容を評価する。"
経営,"専門ゼミナール２","東　博通","平常点（日頃のゼミへの取り組み態度）６０％　　
ゼミレポート：４０％"
経営,"専門ゼミナール２","東　博通","平常点（日頃のゼミへの取り組み態度）６０％　　
ゼミレポート：４０％"
経営,"専門ゼミナール２","鳥居　弘志","毎回の課題（５０％），レポート・プレゼンテーション内容（５０％）を総合的に評価する。"
経営,"専門ゼミナール２","鳥居　弘志","毎回の課題（５０％），レポート・プレゼンテーション内容（５０％）を総合的に評価する。"
経営,"専門ゼミナール２","村松　恵子","平常点（５０点：課題への取り組みや、授業中の発言など）と、夏休み・冬休みの課題研究成果（５０点）の合計で評価します。ただし、講義回数の３分の１以上の欠席があった場合には、欠格とします。"
経営,"専門ゼミナール２","村松　恵子","平常点（５０点：課題への取り組みや、授業中の発言など）と、夏休み・冬休みの課題研究成果（５０点）の合計で評価します。ただし、講義回数の３分の１以上の欠席があった場合には、欠格とします。"
経営,"専門ゼミナール２","澤田　慎治","各課題ごとに提出物について40％。平常点（授業内での課題に取組む積極性、探究心）60％。課題等が未提出の場合は、単位を与えない。また、出席回数が３分の２以下の場合は欠格とする。"
経営,"専門ゼミナール２","澤田　慎治","各課題ごとに提出物について40％。平常点（授業内での課題に取組む積極性、探究心）60％。課題等が未提出の場合は、単位を与えない。また、出席回数が３分の２以下の場合は欠格とする。"
経営,"専門ゼミナール２","相川　奈美","ゼミナール活動の貢献・意欲(100%)で評価する。"
経営,"専門ゼミナール２","相川　奈美","ゼミナール活動の貢献・意欲(100%)で評価する。"
経営,"専門ゼミナール２","橋場　俊展","課題やプレゼンテーションに取り組む姿勢、プレゼンテーションの質50％、レポート50％"
経営,"専門ゼミナール２","橋場　俊展","課題やプレゼンテーションに取り組む姿勢、プレゼンテーションの質50％、レポート50％"
経営,"専門ゼミナール２","宮崎　信二","各種行事への参加。日常評価（60～70％）、レポート（40～30％）の予定。"
経営,"専門ゼミナール２","宮崎　信二","各種行事への参加。日常評価（60～70％）、レポート（40～30％）の予定。"
経営,"専門ゼミナール２","澤田　貴之","授業態度、発言頻度、質問頻度、課題への取り組み姿勢とレポートによって判断する。"
経営,"専門ゼミナール２","澤田　貴之","授業態度、発言頻度、質問頻度、課題への取り組み姿勢とレポートによって判断する。"
経営,"専門ゼミナール２","瀬川　新一","無遅刻無欠席，全課題の提出を前提としたうえで、基本的には加点方式で評価します。平常点（取組み姿勢、発言内容・回数など）：50％　レポート：50％"
経営,"専門ゼミナール２","瀬川　新一","無遅刻無欠席，全課題の提出を前提としたうえで、基本的には加点方式で評価します。平常点（取組み姿勢、発言内容・回数など）：50％　レポート：50％"
経営,"専門ゼミナール２","岸川　典昭","出欠態度と発表　70％、単位論文　30％"
経営,"専門ゼミナール２","岸川　典昭","出欠態度と発表　70％、単位論文　30％"
経営,"専門ゼミナール２","田中　武憲","レポート作成：２５％＋発表：２５％＋合同ゼミ：５０％"
経営,"専門ゼミナール２","田中　武憲","レポート作成：２５％＋発表：２５％＋合同ゼミ：５０％"
経営,"専門ゼミナール２","山本　いづみ","・出席状況（前期演習回数の1/３以上を欠席した場合、また後期演習回数の１/３以上を欠席した場合、自動的に単位不認定。なお出席は加点要素としない）、平常点（演習中の発表、討論への積極的な参加など）、前期レポート、夏季休暇中の課題、プレゼンコンテストの発表内容、後期レポートなどを総合判断して評価する。 
・図書館を積極的に利用し、多くの書籍文献を参照することを義務付ける。この作業を欠く者は、評価が大変低くなる（合格点に達さない場合もある）。
・提出物について：単なる「ウェッブサイトのコピペ」を発表資料、提出物として提出することは厳しく禁止する（著作権侵害は許されない）。
・ゼミ中に教員の許可なくスマートフォンを使用する場合、その回は欠席扱いとする。
・上記を含め、ゼミ進行を妨げるような行動には、その後の受講継続を許可するかどうかを含め、厳格に対処する。"
経営,"専門ゼミナール２","山本　いづみ","・出席状況（前期演習回数の1/３以上を欠席した場合、また後期演習回数の１/３以上を欠席した場合、自動的に単位不認定。なお出席は加点要素としない）、平常点（演習中の発表、討論への積極的な参加など）、前期レポート、夏季休暇中の課題、プレゼンコンテストの発表内容、後期レポートなどを総合判断して評価する。 
・図書館を積極的に利用し、多くの書籍文献を参照することを義務付ける。この作業を欠く者は、評価が大変低くなる（合格点に達さない場合もある）。
・提出物について：単なる「ウェッブサイトのコピペ」を発表資料、提出物として提出することは厳しく禁止する（著作権侵害は許されない）。
・ゼミ中に教員の許可なくスマートフォンを使用する場合、その回は欠席扱いとする。
・上記を含め、ゼミ進行を妨げるような行動には、その後の受講継続を許可するかどうかを含め、厳格に対処する。"
経営,"専門ゼミナール２","伊藤　秀俊","試験50％、レポート50％"
経営,"専門ゼミナール２","伊藤　秀俊","試験50％、レポート50％"
経営,"専門ゼミナール２","謝　憲文","平常点(学習と討論、発表などを総合的に判断する)60%、 レポート40%。"
経営,"専門ゼミナール２","謝　憲文","平常点(学習と討論、発表などを総合的に判断する)60%、 レポート40%。"
経営,"専門ゼミナール２","今井　斉","発表、レポートを総合的に判断して評価する。平常点（発表など）：50％、レポート：50％"
経営,"専門ゼミナール２","今井　斉","発表、レポートを総合的に判断して評価する。平常点（発表など）：50％、レポート：50％"
経営,"専門ゼミナール２","長尾　晃宏","ゼミ活動での発表20%、討論20%、取り組みへの意欲20%、提出物40%の総合判定"
経営,"専門ゼミナール２","長尾　晃宏","ゼミ活動での発表20%、討論20%、取り組みへの意欲20%、提出物40%の総合判定"
経営,"専門ゼミナール２","堀川　新吾","　レポートおよびプレゼンテーション１００％。ただし、欠席回数が１０回以上の場合は欠格とし、単位を与えない。なお、プレゼンコンテストへの参加を義務付ける。"
経営,"専門ゼミナール２","堀川　新吾","　レポートおよびプレゼンテーション１００％。ただし、欠席回数が１０回以上の場合は欠格とし、単位を与えない。なお、プレゼンコンテストへの参加を義務付ける。"
経営,"専門ゼミナール２","村上　広一","発表・議論への積極的な参加・態度40％、プレゼンテーション・レポート60％。3分の1以上を欠席した場合（遅刻は欠席2分の1と評価する）は、欠格とする。発表が当たっているのに無断欠席した場合も、単位不認定とする。"
経営,"専門ゼミナール２","村上　広一","発表・議論への積極的な参加・態度40％、プレゼンテーション・レポート60％。3分の1以上を欠席した場合（遅刻は欠席2分の1と評価する）は、欠格とする。発表が当たっているのに無断欠席した場合も、単位不認定とする。"
経営,"専門ゼミナール２","大﨑　孝徳","クラスでの発言80％・レポート20％"
経営,"専門ゼミナール２","大﨑　孝徳","クラスでの発言80％・レポート20％"
経営,"専門ゼミナール２","大西　幹弘","出席して質疑に参加：60%　　提出レポート：40%　　なお出席には情報処理教室での正課への出席に加えて新ゼミ生歓迎会、OB・OG会、ゼミ合宿、年末懇親会および追いコンへの出席を含みます。
なお講義回数の1/3以上の無断欠席がある場合には原則として欠格とします。"
経営,"専門ゼミナール２","大西　幹弘","出席して質疑に参加：60%　　提出レポート：40%　　なお出席には情報処理教室での正課への出席に加えて新ゼミ生歓迎会、OB・OG会、ゼミ合宿、年末懇親会および追いコンへの出席を含みます。
なお講義回数の1/3以上の無断欠席がある場合には原則として欠格とします。"
経営,"専門ゼミナール２","田代　樹彦"," 
1. 『財務比率の読み方』				

                                        石井康彦・田代樹彦                                

					税務経理協会				

2. 『財務諸表分析』				

                                        桜井久勝                                

					中央経済社				
"
経営,"専門ゼミナール２","田代　樹彦"," 
1. 『財務比率の読み方』				

                                        石井康彦・田代樹彦                                

					税務経理協会				

2. 『財務諸表分析』				

                                        桜井久勝                                

					中央経済社				
"
経営,"専門ゼミナール２","前田　真一郎"," 
1. 米国リテール金融の研究				

                                        前田真一郎                                

					日本評論社				
"
経営,"専門ゼミナール２","前田　真一郎"," 
1. 米国リテール金融の研究				

                                        前田真一郎                                

					日本評論社				
"
経営,"専門ゼミナール２","柳田　純也","　ゼミでの貢献・意欲（通常のゼミでの発表と議論状況、プレゼン・コンテストや証券ゼミナール大会など、への参加、論文の作成など）を総合的に評価する。"
経営,"専門ゼミナール２","柳田　純也","　ゼミでの貢献・意欲（通常のゼミでの発表と議論状況、プレゼン・コンテストや証券ゼミナール大会など、への参加、論文の作成など）を総合的に評価する。"
経営,"専門ゼミナール２","東田　明","平常点（出席態度・報告・質疑・小レポート）と期末レポートにより評価する。"
経営,"専門ゼミナール２","東田　明","平常点（出席態度・報告・質疑・小レポート）と期末レポートにより評価する。"
経営,"専門ゼミナール２","田澤　宗裕","クラスでの発言５０％、レポート５０％"
経営,"専門ゼミナール２","田澤　宗裕","クラスでの発言５０％、レポート５０％"
経営,"専門ゼミナール２","高山　晃郎","平常点により評価する。報告内容や議論の積極性などを重視する。"
経営,"専門ゼミナール２","高山　晃郎","平常点により評価する。報告内容や議論の積極性などを重視する。"
経営,"生産管理論","山田　裕昭","成績は，平常点20％，試験80％で評価する。平常点は，講義への参加態度，演習への取り組み姿勢で総合的に判断する。授業回数の3分の1以上を欠席した場合は，欠格として試験の受験資格は認めず，評価しない。"
経営,"生産管理論","山田　裕昭","成績は，平常点20％，試験80％で評価する。平常点は，講義への参加態度，演習への取り組み姿勢で総合的に判断する。授業回数の3分の1以上を欠席した場合は，欠格として試験の受験資格は認めず，評価しない。"
経営,"中国語特別演習１","村松　恵子","授業の予習状況と授業中の積極的姿勢＝５０点
前期定期試験＝５０点"
経営,"中国語特別演習１","村松　恵子","授業の予習状況と授業中の積極的姿勢＝５０点
前期定期試験＝５０点"
経営,"管理会計論１","東田　明","平常点（20％），定期試験（80％）で評価。平常点は質問カード，小テストなどによって総合的に判断する。

4年生で，欠席が多くなることが予想される場合，事前に相談すること。"
経営,"管理会計論１","東田　明","平常点（20％），定期試験（80％）で評価。平常点は質問カード，小テストなどによって総合的に判断する。

4年生で，欠席が多くなることが予想される場合，事前に相談すること。"
経営,"サービス・マーケティング論","太田　幸治","試験60％、授業への参加（授業への協力度：発言、レポート）40％
上記「授業への参加」は出席点ではない。
上記の評価方法は、大体の目安である。受講者数によって変更される場合もある。　"
経営,"ドイツ語オーラルコミュニケーション（中級）１","ポミコル　ヤン","定期試験（100％）"
経営,"ドイツ語オーラルコミュニケーション（中級）１","ポミコル　ヤン","定期試験（100％）"
経営,"フランス語特別演習１","堀畑　正樹","平常点５０％：予習と積極的な授業参加を評価する。"
経営,"フランス語特別演習１","堀畑　正樹","平常点５０％：予習と積極的な授業参加を評価する。"
経営,"プロダクト・デザイン論","澤田　慎治","レポート（講義中）40％、試験60％。ただし、出席回数が３分の２以下の場合は欠格とする。"
経営,"経営シミュレーション１","堀川　新吾","実習完成度１００％。ただし、欠席回数が５回以上の場合は欠格とし、単位を与えない。"
経営,"経営シミュレーション１","堀川　新吾","実習完成度１００％。ただし、欠席回数が５回以上の場合は欠格とし、単位を与えない。"
経営,"税務会計論","柳田　純也","　授業への積極的な参加・態度・貢献30％、試験（レポートまたは課題・コメントペーパーを含む）70％。
　授業における質疑応答（課題に対する回答）は、加点対象とし、重視する。
　（授業への出席は最低限の前提条件としますので、注意して下さい。）"
経営,"財務会計論３","田代　樹彦","試験60％、レポート40％"
経営,"環境経営論","李　秀澈","小テスト20%、レポート20%、試験60%"
経営,"国際会計論","伊藤　秀俊","試験１００パーセント"
経営,"国際会計論","伊藤　秀俊","試験１００パーセント"
経営,"マーケティング情報システム論","大﨑　孝徳","試験90％、小レポート10％"
経営,"コーポレート・ガバナンス論","瀬川　新一","基本的には試験によって評価する。ただし、試験について出席が3分の1以下の場合，学則上の欠格規定を適用する。また授業中の受講態度などが悪質な場合には、減点することがある。試験１００％"
経営,"フランス語オーラルコミュニケーション（中級）１","GARDAIX Laetitia M.","授業参加度：30％　小テスト： 40%  提出物：　30%"
経営,"フランス語オーラルコミュニケーション（中級）１","GARDAIX Laetitia M.","授業参加度：30％　小テスト： 40%  提出物：　30%"
経営,"小売企業経営論","謝　憲文","平常点(受講態度と小テスト)20％、レポート20％、試験60％。"
経営,"会計監査論","吉田　洋","レポート（20％）、授業中の小テスト（20％）、筆記試験（60％）により総合的に評価する。"
経営,"労働衛生論","冨岡　徹","平常点：30％、試験：70％を目安とします。
毎回の授業で理解度と不明点を確認する作業（コメントペーパー）を平常点として評価します。"
経営,"システム設計１","藤井　俊明","講義時の課題または小テストなどの提出物：50%、期末課題または試験：50%で評価する。
3分の1以上欠席した場合は欠格とする。"
経営,"システム設計１","藤井　俊明","講義時の課題または小テストなどの提出物：50%、期末課題または試験：50%で評価する。
3分の1以上欠席した場合は欠格とする。"
経営,"(特１)東海東京証券寄附講座","丸山　敏弘","筆記試験。定期試験100％。ただし、講義を５回以上欠席した場合は欠格とする。（就職活動で欠席する場合は、証明書（大学や企業が発行するもの）がある場合のみ出席と認める。）"
経営,"(特１)東海東京証券寄附講座","丸山　敏弘","筆記試験。定期試験100％。ただし、講義を５回以上欠席した場合は欠格とする。（就職活動で欠席する場合は、証明書（大学や企業が発行するもの）がある場合のみ出席と認める。）"
経営,"ハングルオーラルコミュニケーション（中級）１","李　芝賢","テスト50％、平常点（参加度、授業態度、小テストなど）50％。授業回数の3分の1以上欠席時は欠格となるのでご注意ください。"
経営,"ハングルオーラルコミュニケーション（中級）１","李　芝賢","テスト50％、平常点（参加度、授業態度、小テストなど）50％。授業回数の3分の1以上欠席時は欠格となるのでご注意ください。"
経営,"中国語オーラルコミュニケーション（中級）１【HSK３級対策】","董　紅俊","授業中の学習態度３０パーセントと定期試験の成績７０パーセントで総合的に評価する。"
経営,"中国語オーラルコミュニケーション（中級）１【HSK３級対策】","董　紅俊","授業中の学習態度３０パーセントと定期試験の成績７０パーセントで総合的に評価する。"
経営,"職業指導論","野田　隆洋","受講態度（３０％）　授業中に指示する課題及び演習（３０％）　定期試験（４０％）"
経営,"職業指導論","野田　隆洋","受講態度（３０％）　授業中に指示する課題及び演習（３０％）　定期試験（４０％）"
経営,"職業指導論１【14以前カリ教職課程用】","野田　隆洋","受講態度（３０％）　授業中に指示する課題及び演習（３０％）　定期試験（４０％）"
経営,"職業指導論１【14以前カリ教職課程用】","野田　隆洋","受講態度（３０％）　授業中に指示する課題及び演習（３０％）　定期試験（４０％）"
経営,"（特）英語（コミュニケーション）上級１","Beatty Robert","Please try your best and ask any questions that you may have during or after class."
経営,"（特）英語（コミュニケーション）上級１","Beatty Robert","Please try your best and ask any questions that you may have during or after class."
経営,"国際金融システム論","前田　真一郎","現代における世界的な金融危機の発生は、世界的な不況をもたらしました。それは、我々の生活にも影響を与えています。世界的な金融危機が何故、どのようにして起こり、それに対してどのように対処すべきかを考えてみたいと思います。"
経営,"国際金融システム論","前田　真一郎","現代における世界的な金融危機の発生は、世界的な不況をもたらしました。それは、我々の生活にも影響を与えています。世界的な金融危機が何故、どのようにして起こり、それに対してどのように対処すべきかを考えてみたいと思います。"
経営,"グリーン・マーケティング論","岡田　一範","試験60％、授業参加態度30％、レポート10％で総合的に評価します。"
経営,"中小企業論","井内　尚樹","小テスト、レポート、期末筆記試験などで総合的に判断する。"
経営,"原価管理論","相川　奈美","小テスト４０％、定期テスト　６０％"
経営,"経済データ実習","大西　幹弘","出席して発言・質疑に参加： 60%    正課中の実習レポートとプレゼンテーション： 40%
なお講義に1/3以上無断欠席した場合には欠格とします。"
経営,"経済データ実習","大西　幹弘","出席して発言・質疑に参加： 60%    正課中の実習レポートとプレゼンテーション： 40%
なお講義に1/3以上無断欠席した場合には欠格とします。"
経営,"経済データ実習","大西　幹弘","出席して発言・質疑に参加： 60%    正課中の実習レポートとプレゼンテーション： 40%
なお講義に1/3以上無断欠席した場合には欠格とします。"
経営,"経済データ実習","大西　幹弘","出席して発言・質疑に参加： 60%    正課中の実習レポートとプレゼンテーション： 40%
なお講義に1/3以上無断欠席した場合には欠格とします。"
経営,"経済データ実習","大西　幹弘","出席して発言・質疑に参加： 60%    正課中の実習レポートとプレゼンテーション： 40%
なお講義に1/3以上無断欠席した場合には欠格とします。"
経営,"経済データ実習","大西　幹弘","出席して発言・質疑に参加： 60%    正課中の実習レポートとプレゼンテーション： 40%
なお講義に1/3以上無断欠席した場合には欠格とします。"
経営,"キャッシュフロー会計論","柳田　純也","　試験６０％、授業参加度（コメント・ペーパーの提出、意見交換への積極的な参加など）４０％。
　出席は加点要素とはしないが、授業参加度の評価が良い受講生は加点対象とします。
　ただし、授業回数の3分の2以下の場合は欠格とします。"
経営,"キャッシュフロー会計論","柳田　純也","　試験６０％、授業参加度（コメント・ペーパーの提出、意見交換への積極的な参加など）４０％。
　出席は加点要素とはしないが、授業参加度の評価が良い受講生は加点対象とします。
　ただし、授業回数の3分の2以下の場合は欠格とします。"
経営,"中国語特別演習２","村松　恵子","授業の予習状況と授業中の積極的姿勢＝５０点
前期定期試験＝５０点"
経営,"中国語特別演習２","村松　恵子","授業の予習状況と授業中の積極的姿勢＝５０点
前期定期試験＝５０点"
経営,"管理会計論２","東田　明","平常点（20％），定期試験（80％）で評価。平常点は質問カード，小テストなどによって総合的に判断する。"
経営,"管理会計論２","東田　明","平常点（20％），定期試験（80％）で評価。平常点は質問カード，小テストなどによって総合的に判断する。"
経営,"ベンチャービジネス論","盧　聰明","　出欠表の署名照会などを行うことがあります。代理署名・出席を発見した場合、すべての出席を無効にします。2回の遅刻もしくは早退は1回の欠席と見なします。評価方法は期末のレポート試験での評価を中心に（60％）、期間中の小レポートの得点、出席や講義議論の参加、ノート作成状況等も勘案して（40％）総合的に評価します。"
経営,"社会環境会計論","東田　明","平常点（30％）、試験（70％）で評価。平常点は質問カード，レポートの提出状況で総合的に判断する。"
経営,"社会環境会計論","東田　明","平常点（30％）、試験（70％）で評価。平常点は質問カード，レポートの提出状況で総合的に判断する。"
経営,"ドイツ語オーラルコミュニケーション（中級）２","ポミコル　ヤン","定期試験（100％）"
経営,"ドイツ語オーラルコミュニケーション（中級）２","ポミコル　ヤン","定期試験（100％）"
経営,"フランス語特別演習２","堀畑　正樹","平常点５０％：授業への積極的な参加を評価する。
定期試験５０％：フランス語力、考察力を評価する。"
経営,"フランス語特別演習２","堀畑　正樹","平常点５０％：授業への積極的な参加を評価する。
定期試験５０％：フランス語力、考察力を評価する。"
経営,"プロダクト・デザイン実習","澤田　慎治","提出する課題について30％。平常点（授業内での課題に取組む積極性、探究心等）70％。課題等が一つでも未提出の場合は、単位を与えない。また、出席回数が３分の２以下の場合は欠格とする。"
経営,"経営シミュレーション２","堀川　新吾","実習完成度１００％。ただし、欠席回数が５回以上の場合は欠格とし、単位を与えない。"
経営,"経営シミュレーション２","堀川　新吾","実習完成度１００％。ただし、欠席回数が５回以上の場合は欠格とし、単位を与えない。"
経営,"非営利組織体会計論","柳田　純也","　授業への参加・貢献・態度（コメントペーパーの提出、意見交換への積極的な参加を重視する。）30％、試験70％を基本とする。
　授業中の質疑応答（授業中の課題に対する回答内容）によって加点する。
　（授業への出席は、最低限の前提条件としますので、注意して下さい。）"
経営,"非営利組織体会計論","柳田　純也","　授業への参加・貢献・態度（コメントペーパーの提出、意見交換への積極的な参加を重視する。）30％、試験70％を基本とする。
　授業中の質疑応答（授業中の課題に対する回答内容）によって加点する。
　（授業への出席は、最低限の前提条件としますので、注意して下さい。）"
経営,"プロダクト・デザイン実習","澤田　慎治","提出する課題について30％。平常点（授業内での課題に取組む積極性、探究心等）70％。課題等が一つでも未提出の場合は、単位を与えない。また、出席回数が３分の２以下の場合は欠格とする。"
経営,"国際経営戦略論","佐々木　元","期末レポート：８０％＋小レポート：２０％"
経営,"ソーシャル・マーケティング論","丹下　博文","試験70％、授業への参加態度30％。なお、レポートや小テスト等は基本的にない。"
経営,"ロジスティクス論","大﨑　孝徳","授業内試験90％、小レポート10％"
経営,"ネットワーク組織論","岸川　典昭","試験100％：講義内容の基礎的事項(70％)、応用問題(30％)"
経営,"財務戦略論","田澤　宗裕","次のＡ方式とＢ方式のうち、高い方の得点で評価する。
Ａ方式：小テスト４０％、試験６０％
Ｂ方式：試験１００％"
経営,"財務戦略論","田澤　宗裕","次のＡ方式とＢ方式のうち、高い方の得点で評価する。
Ａ方式：小テスト４０％、試験６０％
Ｂ方式：試験１００％"
経営,"フランス語オーラルコミュニケーション（中級）２","GARDAIX Laetitia M.","授業参加度：30％　小テスト： 40%  提出物：　30%"
経営,"フランス語オーラルコミュニケーション（中級）２","GARDAIX Laetitia M.","授業参加度：30％　小テスト： 40%  提出物：　30%"
経営,"卸売企業経営論","謝　憲文","平常点(学習態度と小テスト)20％、レポート試験80％。"
経営,"監査制度論","吉田　洋","レポート（20％）、授業中の小テスト（20％）、筆記試験（60％）により総合的に評価する。"
経営,"経営戦略論","宮崎　信二","試験およびビデオ等のレポートで評価。試験70～80％、レポート30～20％。講義中のレポートおよび出席回数が2分の1以下の学生は、欠格となる場合がある。"
経営,"経営戦略論","宮崎　信二","試験およびビデオ等のレポートで評価。試験70～80％、レポート30～20％。講義中のレポートおよび出席回数が2分の1以下の学生は、欠格となる場合がある。"
経営,"システム設計２","中島　俊明","課題ファイル提出で50%、最終回に提出するオリジナルシステムで50%を評価する。"
経営,"システム設計２","中島　俊明","課題ファイル提出で50%、最終回に提出するオリジナルシステムで50%を評価する。"
経営,"ハングルオーラルコミュニケーション（中級）２","李　芝賢","テスト50％、平常点（参加度、授業態度、小テストなど）50％
授業回数の3分の1以上欠席時は欠格となるのでご注意ください。"
経営,"ハングルオーラルコミュニケーション（中級）２","李　芝賢","テスト50％、平常点（参加度、授業態度、小テストなど）50％
授業回数の3分の1以上欠席時は欠格となるのでご注意ください。"
経営,"中国語オーラルコミュニケーション（中級）２【HSK３級対策】","董　紅俊","授業中の学習態度３０パーセントと定期試験の成績７０パーセントで総合的に評価する。"
経営,"中国語オーラルコミュニケーション（中級）２【HSK３級対策】","董　紅俊","授業中の学習態度３０パーセントと定期試験の成績７０パーセントで総合的に評価する。"
経営,"（特）英語（コミュニケーション）上級２","Beatty Robert","Please try your best and ask any questions that you may have during or after class."
経営,"（特）英語（コミュニケーション）上級２","Beatty Robert","Please try your best and ask any questions that you may have during or after class."
経営,"連結会計論","田代　樹彦","試験100％"
経営,"国際金融機関論","前田　真一郎","現代アメリカに端を発した金融危機後の個別金融機関は、生き残りをかけ経営戦略を再構築しています。その中で、世界的に活動する金融機関の経営戦略について解説します。この講義をもとに、日本の金融機関がどのようにしたら競争力を強化できるかも考えて欲しいと思います。"
経営,"国際金融機関論","前田　真一郎","現代アメリカに端を発した金融危機後の個別金融機関は、生き残りをかけ経営戦略を再構築しています。その中で、世界的に活動する金融機関の経営戦略について解説します。この講義をもとに、日本の金融機関がどのようにしたら競争力を強化できるかも考えて欲しいと思います。"
経営,"意思決定の科学","水沼　洋人","試験(80%)，課題(20%)"
経営,"意思決定の科学","水沼　洋人","試験(80%)，課題(20%)"
経営,"経営データ実習","大西　幹弘","出席して発言・質疑に参加：60%   　 正課中の実習レポートとプレゼンテーション：40%
なお講義に1/3以上無断欠席した場合には欠格とします。"
経営,"経営データ実習","大西　幹弘","出席して発言・質疑に参加：60%   　 正課中の実習レポートとプレゼンテーション：40%
なお講義に1/3以上無断欠席した場合には欠格とします。"
経営,"経営データ実習","大西　幹弘","出席して発言・質疑に参加：60%   　 正課中の実習レポートとプレゼンテーション：40%
なお講義に1/3以上無断欠席した場合には欠格とします。"
経営,"経営データ実習","大西　幹弘","出席して発言・質疑に参加：60%   　 正課中の実習レポートとプレゼンテーション：40%
なお講義に1/3以上無断欠席した場合には欠格とします。"
経営,"経営データ実習","大西　幹弘","出席して発言・質疑に参加：60%   　 正課中の実習レポートとプレゼンテーション：40%
なお講義に1/3以上無断欠席した場合には欠格とします。"
経営,"経営データ実習","大西　幹弘","出席して発言・質疑に参加：60%   　 正課中の実習レポートとプレゼンテーション：40%
なお講義に1/3以上無断欠席した場合には欠格とします。"
経営,"専門ゼミナール３","相川　奈美","　卒業論文の完成および提出によって単位を認定します。また、専門ゼミナール活動の貢献および意欲を加点対象とします。"
経営,"専門ゼミナール３","相川　奈美","　卒業論文の完成および提出によって単位を認定します。また、専門ゼミナール活動の貢献および意欲を加点対象とします。"
経営,"専門ゼミナール３","堀川　新吾","卒業論文１００％。"
経営,"専門ゼミナール３","堀川　新吾","卒業論文１００％。"
経営,"専門ゼミナール３","高山　晃郎","卒業論文により評価する。"
経営,"専門ゼミナール３","高山　晃郎","卒業論文により評価する。"
経営,"専門ゼミナール３","村松　恵子","卒業論文のみ"
経営,"専門ゼミナール３","村松　恵子","卒業論文のみ"
経営,"専門ゼミナール３","澤田　慎治","平常点（課題への取組姿勢等）３０％、提出物７０％"
経営,"専門ゼミナール３","澤田　慎治","平常点（課題への取組姿勢等）３０％、提出物７０％"
経営,"専門ゼミナール３","宮崎　信二","日常的な報告20％およびリポート80％"
経営,"専門ゼミナール３","宮崎　信二","日常的な報告20％およびリポート80％"
経営,"専門ゼミナール３","今井　斉","発表、レポートを総合的に判断して評価する。平常点（発表など）：50％、レポート：50％"
経営,"専門ゼミナール３","今井　斉","発表、レポートを総合的に判断して評価する。平常点（発表など）：50％、レポート：50％"
経営,"専門ゼミナール３","瀬川　新一","無遅刻無欠席を前提としたうえで、基本的には加点方式で評価します。平常点(積極性，発言内容，他)：50％　卒業論文：50％"
経営,"専門ゼミナール３","瀬川　新一","無遅刻無欠席を前提としたうえで、基本的には加点方式で評価します。平常点(積極性，発言内容，他)：50％　卒業論文：50％"
経営,"専門ゼミナール３","山本　いづみ","・卒業論文の内容（80％）、報告と質疑応答（20％）を総合評価。
・中間報告発表を行なわない場合、単位不認定となる。  
・ゼミ内の卒論提出締切日は、学部提出締切の３週間ほど前となる。詳しくはゼミ中にアナウンスするので、注意すること。
・学部で定められた提出期限までに卒業論文を提出しない場合は、単位不認定となる。提出期限に注意し、就職活動と並行して計画的に論文を作成すること。"
経営,"専門ゼミナール３","山本　いづみ","・卒業論文の内容（80％）、報告と質疑応答（20％）を総合評価。
・中間報告発表を行なわない場合、単位不認定となる。  
・ゼミ内の卒論提出締切日は、学部提出締切の３週間ほど前となる。詳しくはゼミ中にアナウンスするので、注意すること。
・学部で定められた提出期限までに卒業論文を提出しない場合は、単位不認定となる。提出期限に注意し、就職活動と並行して計画的に論文を作成すること。"
経営,"専門ゼミナール３","村上　広一","平常点20%（授業態度、課題への取り組み状況、発現頻度等を総合的に勘案）、論文80%。ただし、出席回数が3分の2以下（遅刻は欠席2分の1とカウントする）の場合は、欠格とする。"
経営,"専門ゼミナール３","村上　広一","平常点20%（授業態度、課題への取り組み状況、発現頻度等を総合的に勘案）、論文80%。ただし、出席回数が3分の2以下（遅刻は欠席2分の1とカウントする）の場合は、欠格とする。"
経営,"専門ゼミナール３","田澤　宗裕","卒業論文の作成を通じて、各自で納得できるだけの専門的な能力および知識が身につくことを期待しています。学生生活の集大成となる素晴らしい論文を仕上げて下さい。"
経営,"専門ゼミナール３","田澤　宗裕","卒業論文の作成を通じて、各自で納得できるだけの専門的な能力および知識が身につくことを期待しています。学生生活の集大成となる素晴らしい論文を仕上げて下さい。"
経営,"専門ゼミナール３","東　博通","卒業論文を書いたという体験はその後の人生にきっと役に立つことと思う。論文を完成したときの充実感と達成感を味わって卒業して行って欲しい。"
経営,"専門ゼミナール３","東　博通","卒業論文を書いたという体験はその後の人生にきっと役に立つことと思う。論文を完成したときの充実感と達成感を味わって卒業して行って欲しい。"
経営,"専門ゼミナール３","伊藤　秀俊","卒業論文としての内容を備えているかにより合否を決める。"
経営,"専門ゼミナール３","伊藤　秀俊","卒業論文としての内容を備えているかにより合否を決める。"
経営,"専門ゼミナール３","謝　憲文","平常点(学習と討論、発表などを総合的に評価する)30％、卒業論文70％"
経営,"専門ゼミナール３","謝　憲文","平常点(学習と討論、発表などを総合的に評価する)30％、卒業論文70％"
経営,"専門ゼミナール３","橋場　俊展","平常点20%（授業態度、課題への取り組み状況、発現頻度等を総合的に勘案）、論文80%"
経営,"専門ゼミナール３","橋場　俊展","平常点20%（授業態度、課題への取り組み状況、発現頻度等を総合的に勘案）、論文80%"
経営,"専門ゼミナール３","大西　幹弘","出席して質疑に参加：60%　　提出レポート：40%　　なお出席には情報処理教室での正課への出席に加えて新ゼミ生歓迎会、OB・OG会、ゼミ合宿、年末懇親会および追いコンへの出席を含みます。
なお講義回数の1/3以上の無断欠席がある場合には原則として欠格とします。"
経営,"専門ゼミナール３","大西　幹弘","出席して質疑に参加：60%　　提出レポート：40%　　なお出席には情報処理教室での正課への出席に加えて新ゼミ生歓迎会、OB・OG会、ゼミ合宿、年末懇親会および追いコンへの出席を含みます。
なお講義回数の1/3以上の無断欠席がある場合には原則として欠格とします。"
経営,"専門ゼミナール３","岸川　典昭","出席態度と発表　50％、卒業論文　50％"
経営,"専門ゼミナール３","岸川　典昭","出席態度と発表　50％、卒業論文　50％"
経営,"専門ゼミナール３","田代　樹彦"," 
1. 開講時に指示する。				




"
経営,"専門ゼミナール３","田代　樹彦"," 
1. 開講時に指示する。				




"
経営,"専門ゼミナール３","前田　真一郎"," 
1. 米国リテール金融の研究				

                                        前田真一郎                                

					日本評論社				

2. 消費金融論研究				

                                        川波洋一・前田真一郎編                                

					クレス				
"
経営,"専門ゼミナール３","前田　真一郎"," 
1. 米国リテール金融の研究				

                                        前田真一郎                                

					日本評論社				

2. 消費金融論研究				

                                        川波洋一・前田真一郎編                                

					クレス				
"
経営,"専門ゼミナール３","柳田　純也","　卒業論文の提出をもって単位を認定する。また、専門ゼミ１・２への参加、後輩へのアドバイスなど、専門ゼミへの貢献度を加点対象とする。"
経営,"専門ゼミナール３","柳田　純也","　卒業論文の提出をもって単位を認定する。また、専門ゼミ１・２への参加、後輩へのアドバイスなど、専門ゼミへの貢献度を加点対象とする。"
経営,"専門ゼミナール３","東田　明"," 
1. 初回の授業で提示します。				




"
経営,"専門ゼミナール３","東田　明"," 
1. 初回の授業で提示します。				




"
経営,"専門ゼミナール３","田中　武憲","卒論１００％"
経営,"専門ゼミナール３","田中　武憲","卒論１００％"
経営,"専門ゼミナール３","堀畑　正樹","卒業論文で評価する。"
経営,"専門ゼミナール３","堀畑　正樹","卒業論文で評価する。"
経営,"専門ゼミナール３","鳥居　弘志","卒業論文の完成度（60％）、中間報告・プレゼンテーションと質疑応答（40％）を総合的に評価する。"
経営,"専門ゼミナール３","鳥居　弘志","卒業論文の完成度（60％）、中間報告・プレゼンテーションと質疑応答（40％）を総合的に評価する。"
経営,"専門ゼミナール３","澤田　貴之","卒論によって成績を決める。"
経営,"専門ゼミナール３","澤田　貴之","卒論によって成績を決める。"
経営,"専門ゼミナール３","長尾　晃宏","卒業論文作成への取り組み５０％、成果５０％"
経営,"専門ゼミナール３","長尾　晃宏","卒業論文作成への取り組み５０％、成果５０％"
経営,"専門ゼミナール３","SUSAN HANSEN","EFFORT 50% END-OF-YEAR REPORT 50%"
経営,"専門ゼミナール３","SUSAN HANSEN","EFFORT 50% END-OF-YEAR REPORT 50%"
経営,"専門ゼミナール３","大﨑　孝徳","卒業論文100％"
経営,"専門ゼミナール３","大﨑　孝徳","卒業論文100％"
経営,"(特２)特別研究B","宮崎　信二","日常的な報告20％およびリポート80％"
経営,"(特２)特別研究B","宮崎　信二","日常的な報告20％およびリポート80％"
経営,"英語（コミュニケーション）１","SUSAN HANSEN","All students must own, and bring to every class an English dictionary."
経営,"英語（リーディング）１","森　法子","中間試験(45%)、定期試験(45%)、平常点(10%)　平常点は授業への参加状況等、総合的に判断する。"
経営,"英語（コミュニケーション）１","BAILEY Mark","Speaking test:20%
Participation:15% 
Report:25% 
Mini-tests:20%
End of Semester Test:20%"
経営,"英語（リーディング）１","神谷　真起子","定期試験の成績を基（約80％）に、小テスト及び授業への参加態度も考慮（約20％）して、適正な評価を行う。"
経営,"情報処理実習","藤井　俊明","平常点30%（授業参加状況や質問などを含めた実習態度）および課題70%で評価する。
授業回数の3分の1以上欠席した場合は欠格とする。"
経営,"情報処理実習","中島　俊明","毎回の課題70%、最終課題30%で評価する。"
経営,"健康・スポーツ科学１","槇野　均、冨岡　徹、石田　直章、小林　洋平","授業への取り組み（平常点・態度・技能）50％、試験・レポート50％とする。詳細は初回授業時に説明する。なお４回以上欠席した場合、原則として欠格となり定期試験への受験資格を認めない。ただし、けがや病気などのために実技への参加に支障を期たす場合、担当教員に申し出て指示を受けること。"
経営,"ファイナンス入門【国際経営学科1年、2年次以上】","前田　真一郎、高山　晃郎、田澤　宗裕","皆さんが将来、社会人として生活していく上で、ファイナンスの知識は必要不可欠です。自分のお金は、自分で守らなければならない時代です。ファイナンスの基礎を、分かりやすく講義します。"
経営,"ファイナンス入門【国際経営学科1年、2年次以上】","前田　真一郎、高山　晃郎、田澤　宗裕","皆さんが将来、社会人として生活していく上で、ファイナンスの知識は必要不可欠です。自分のお金は、自分で守らなければならない時代です。ファイナンスの基礎を、分かりやすく講義します。"
経営,"統計学入門【2年次以上】","鳥居　弘志","小テスト・中間テスト・課題（40％），定期試験（60％）"
経営,"統計学入門【2年次以上】","鳥居　弘志","小テスト・中間テスト・課題（40％），定期試験（60％）"
経営,"マーケティング入門【国際経営学科1年、2年次以上】","澤田　慎治","試験100％。但し、レポートを課し、評価基準に加える場合もある。なお、授業回数の３分の２以上の出席に満たない場合は欠格とする。"
経営,"マーケティング入門【国際経営学科1年、2年次以上】","澤田　慎治","試験100％。但し、レポートを課し、評価基準に加える場合もある。なお、授業回数の３分の２以上の出席に満たない場合は欠格とする。"
経営,"英語（リーディング）１","東　博通","平常点（授業への取り組み態度と小テスト）５０％
定期試験５０％"
経営,"英語（コミュニケーション）１","HOARE Peter A.","Continual Evaluation Quiz 1-2 - 30%
Continual Evaluation Quiz 3-4 - 30%
Continual Evaluation Quiz 5-6 - 40%"
経営,"英語（リーディング）１","廣瀬　聡美","平常点（授業に対する取り組み方）15% 　中間試験 25%　定期試験 30%  課題 30%　　"
経営,"英語（コミュニケーション）１","SWEETLOVE DOUGLAS W"," 
1. Out Front (6th Edition)				

                                        ISBN: 9784865390339                                

					English Education Press				
"
経営,"ドイツ語入門１","下垣　真希","授業参加度を重視。 開講回数6割以上の出席がない場合は定期試験受験の資格はありません。 平常点（授業参加意欲・課題・レポート提出） ：25％　定期試験：75％"
経営,"フランス語入門１","堀畑　正樹","平常点５０％：積極的な授業参加を評価する。
試験５０％：講義内容の理解度を評価する。"
経営,"中国語入門２","王　莉莎","授業への取り組み姿勢及び毎回の小テスト40％、定期試験60％の総合評価です。"
経営,"キャリア・デザイン論【国際経営学科1年、2年次以上】","五十畑　浩平","授業への参加度：70％（ワークシートの提出も含む）
レポート課題：30％
受講生との双方向のコミュニケーションを重視するため，出席のみならず，質問や発言など授業への積極的な参加を高く評価します．また，自身のキャリア・デザインに関してレポートを提出してもらいます．"
経営,"キャリア・デザイン論【国際経営学科1年、2年次以上】","五十畑　浩平","授業への参加度：70％（ワークシートの提出も含む）
レポート課題：30％
受講生との双方向のコミュニケーションを重視するため，出席のみならず，質問や発言など授業への積極的な参加を高く評価します．また，自身のキャリア・デザインに関してレポートを提出してもらいます．"
経営,"中国語入門２","林　佩芬","小テスト・レポート30%、定期試験70％の基準で評価する。なお、授業回数の3分の1以上を欠席した場合は、欠格として定期試験の受験資格を認めない。"
経営,"ドイツ語入門２","神谷　美砂子","試験50％と平常点（授業参加と貢献度、および３回実施の小テスト結果）50％との総合評価。"
経営,"フランス語入門２","田崎　明子","平常点（積極的な授業参加＋小テスト＋課題提出等）：４０％　　口頭テスト：２０％　　定期（期末）テスト（筆記）：４０％"
経営,"中国語入門１","村松　恵子","毎回の講義に臨む姿勢(30%)と、定期試験の成績(70%)により、評価する。ただし、講義回数の３分の１以上の欠席があった場合には欠格とする。"
経営,"中国語入門１","杉江　叔子","定期試験50％、平常点（授業に対する積極性、小テスト等）50％で評価する。"
経営,"英語初級２-１(コミュニケーション)","HOARE Peter A.","Continual Evaluation Quiz 1-2 - 30%
Continual Evaluation Quiz 3-4 - 30%
Continual Evaluation Quiz 5-6 - 40%"
経営,"英語初級２-１(コミュニケーション)","HOARE Peter A.","Continual Evaluation Quiz 1-2 - 30%
Continual Evaluation Quiz 3-4 - 30%
Continual Evaluation Quiz 5-6 - 40%"
経営,"英語初級２-１(リーディング)","伊藤　省三","定期試験６０％、小テスト３０％、平常点（課題、発言など）１０％。授業回数の３分の２以上の出席に満たない場合は欠格とする。"
経営,"英語初級２-１(リーディング)","伊藤　省三","定期試験６０％、小テスト３０％、平常点（課題、発言など）１０％。授業回数の３分の２以上の出席に満たない場合は欠格とする。"
経営,"英語中級１(リーディング)","山添　直樹","平常点　６０％（ATR CALL BRIX ４０％、課題２０％）
試験　４０％
授業回数の３分の１以上欠席した場合は、欠格とする。"
経営,"英語中級１(リーディング)","山添　直樹","平常点　６０％（ATR CALL BRIX ４０％、課題２０％）
試験　４０％
授業回数の３分の１以上欠席した場合は、欠格とする。"
経営,"英語初級１-１(コミュニケーション)","Beatty Robert"," 
1. My Weekly Writing Journal vol.1				

                                        Minehane,Markovitz,Hoare                                


"
経営,"英語初級１-１(コミュニケーション)","Beatty Robert"," 
1. My Weekly Writing Journal vol.1				

                                        Minehane,Markovitz,Hoare                                


"
経営,"英語（コミュニケーション）２","SUSAN HANSEN","All students must own, and bring to every class an English dictionary."
経営,"英語（リーディング）２","森　法子","中間試験(45%)、定期試験(45%)、平常点(10%)　平常点は授業への参加状況等、総合的に判断する。"
経営,"英語（コミュニケーション）２","BAILEY Mark","Speaking test:25%
Participation:5%
Report:25%
Mini-tests:20%
End of Semester Test:25%"
経営,"英語（リーディング）２","神谷　真起子","定期試験の成績を基（約80％）に、小テスト及び授業への参加態度も考慮（約20％）して、適正な評価を行う。"
経営,"プログラミング実習","丹羽　直美","毎回の課題提出70%、オリジナルプログラムの作成課題30%で評価する"
経営,"プログラミング実習","中島　俊明","毎回の課題提出70%、オリジナルプログラムの作成課題30%で評価する"
経営,"健康・スポーツ科学２","槇野　均、冨岡　徹、石田　直章、小林　洋平","授業への取り組み(平常点・態度・技能)50％、試験50％とする。詳細は初回授業時に説明する。なお４回以上欠席した場合、原則として欠格となり定期試験の受験資格を認めない。加えて、けがや病気などのために実技への参加に支障を期たす場合、担当教員に申し出て指示を受けること。"
経営,"経営分析入門【国際経営学科1年、2年次以上】","東田　明","定期試験（100％）で評価。"
経営,"経営分析入門【国際経営学科1年、2年次以上】","東田　明","定期試験（100％）で評価。"
経営,"会計学入門【国際経営学科1年、2年次以上】","田代　樹彦","試験80％、小テストやレポート等の課題の提出20％"
経営,"会計学入門【国際経営学科1年、2年次以上】","田代　樹彦","試験80％、小テストやレポート等の課題の提出20％"
経営,"英語（リーディング）２","東　博通","平常点（授業への取り組み態度と小テスト）５０％
定期試験５０％"
経営,"英語（コミュニケーション）２","HOARE Peter A.","Continual Evaluation Quiz 7-8 - 30%
Continual Evaluation Quiz 9-10 - 30%
Continual Evaluation Quiz 11-12 - 40%"
経営,"英語（リーディング）２","廣瀬　聡美","平常点（授業に対する取り組み方）15%  中間試験 25%  定期試験 30%  課題 30%　　"
経営,"英語（コミュニケーション）２","SWEETLOVE DOUGLAS W"," 
1. Out Front (6th Edition)				

                                        ISBN: 9784865390339                                

					English Education Press				
"
経営,"流通入門【国際経営学科1年、2年次以上】","大﨑　孝徳","授業内試験90％、小レポート10％"
経営,"流通入門【国際経営学科1年、2年次以上】","大﨑　孝徳","授業内試験90％、小レポート10％"
経営,"フランス語初級１","堀畑　正樹","平常点５０％：質疑応答など、積極的な授業参加を評価する。
試験５０％：授業内容の理解度を評価する。"
経営,"中国語初級２","王　莉莎","授業への取り組み姿勢及び毎回の小テスト40％、定期試験60％の総合評価です。"
経営,"ドイツ語初級１","下垣　真希","授業参加度を重視。 開講回数６割以上の出席がない場合は定期試験受験の権利はありません。
平常点 （授業参加意欲・課題・レポート提出）：25％　定期試験：75％"
経営,"中国語初級２","林　佩芬","小テスト・レポート30%、定期試験70％の基準で評価する。なお、授業回数の3分の1以上を欠席した場合は、欠格として定期試験の受験資格を認めない。"
経営,"経営学入門【国際経営学科1年、2年次以上】","橋場　俊展","定期試験70％、レポート（含ミニレポート）30％"
経営,"経営学入門【国際経営学科1年、2年次以上】","橋場　俊展","定期試験70％、レポート（含ミニレポート）30％"
経営,"中国語初級１","村松　恵子","毎回の講義に臨む姿勢(30%)と、定期試験の成績(70%)により、評価する。ただし、講義回数の３分の１以上の欠席があった場合には欠格とする。"
経営,"ドイツ語初級２","神谷　美砂子","試験50％と平常点（授業参加と貢献度、および３回実施の小テスト結果）50％との総合評価。"
経営,"中国語初級１","杉江　叔子","定期試験50％、平常点（授業に対する積極性、小テスト等）50％で評価する。"
経営,"フランス語初級２","田崎　明子","平常点（積極的な授業参加＋小テスト＋課題提出等）：４０％　　フランス語作文等のレポート：２０％　　定期（期末）テスト（筆記）：４０％"
経営,"英語初級２-２(コミュニケーション)","HOARE Peter A.","Continual Evaluation Quiz 7-8 - 30%
Continual Evaluation Quiz 9-10 - 30%
Continual Evaluation Quiz 11-12 - 40%"
経営,"英語初級２-２(コミュニケーション)","HOARE Peter A.","Continual Evaluation Quiz 7-8 - 30%
Continual Evaluation Quiz 9-10 - 30%
Continual Evaluation Quiz 11-12 - 40%"
経営,"英語初級２-２(リーディング)","伊藤　省三","定期試験６０％、小テスト３０％、平常点（課題、発言など）１０％。授業回数の３分の２以上の出席に満たない場合は欠格とする。"
経営,"英語初級２-２(リーディング)","伊藤　省三","定期試験６０％、小テスト３０％、平常点（課題、発言など）１０％。授業回数の３分の２以上の出席に満たない場合は欠格とする。"
経営,"英語中級２(リーディング)","山添　直樹","平常点　６０％（ATR CALL BRIX ４０％、課題２０％）
試験　４０％
授業回数の３分の１以上欠席した場合は、欠格とする。"
経営,"英語中級２(リーディング)","山添　直樹","平常点　６０％（ATR CALL BRIX ４０％、課題２０％）
試験　４０％
授業回数の３分の１以上欠席した場合は、欠格とする。"
経営,"英語初級１-２(コミュニケーション)","Beatty Robert"," 
1. My Weekly Writing Journal vol.1				

                                        Minehane,Markovitz,Hoare                                


"
経営,"英語初級１-２(コミュニケーション)","Beatty Robert"," 
1. My Weekly Writing Journal vol.1				

                                        Minehane,Markovitz,Hoare                                


"
経営,"英文会計","東田　明","平常点40％、定期試験60％。
平常点は授業への参加状況，宿題の提出状況により総合的に判断する。"
経営,"英語（コミュニケーション）中級１","HOARE Peter A.","Continual Evaluation Quiz 1-2 - 30%
Continual Evaluation Quiz 3-4 - 30%
Continual Evaluation Quiz 5-6 - 40%"
経営,"英語（コミュニケーション）中級１","ﾊﾟｰｿﾝｽﾞ ｼﾞｮﾝ","Review Quiz 1 25%  Review Quiz 2 30%  Review Quiz 3 30%  Participation 15%"
経営,"英語（リーディング）３","神谷　真起子","定期試験の成績を基（約８０％）に、小テスト及び授業への参加態度も考慮（約２０％）して、適正な評価を行う。"
経営,"英語（コミュニケーション）中級１","Clayton Robert","Final grades = 3 in-class quizzes (70%) + homework (15%) + classroom participation (15%)"
経営,"英語実践演習１","東　博通","平常点（日頃の授業への取り組み態度）60％　
定期試験：40％"
経営,"英語実践演習１","東　博通","平常点（日頃の授業への取り組み態度）60％　
定期試験：40％"
経営,"国際地域文化研究(英語圏)","SUSAN HANSEN","ALL STUDENTS MUST OWN, AND BRING TO EVERY CLASS AN ENGLISH DICTIONARY. THE NAME OF THE DICTIONARY IS LEFT TO THE STUDENT TO DECIDE, THOUGH ADVICE WILL BE GIVEN BY THE TEACHER IF NECESSARY. THE DICTIONARY MAY BE IN EITHER PAPER FORM OR ELECTRONIC."
経営,"英語実践演習１","杉浦　恵美子","平常点：６０％、定期試験：４０％　平常点は、小テスト、授業への参加度、授業態度で総合的に判断する。"
経営,"英語実践演習１","杉浦　恵美子","平常点：６０％、定期試験：４０％　平常点は、小テスト、授業への参加度、授業態度で総合的に判断する。"
経営,"国際関係論","鳥飼　律子","定期試験（筆記試験）８０％、講義中に随時提出を求めるレポート２０％の割合で総合評価する。"
経営,"英語実践演習１","桑島　薫","平常点（授業への取り組み態度、宿題、中間・小テスト）５０％
定期試験５０％"
経営,"英語実践演習１","桑島　薫","平常点（授業への取り組み態度、宿題、中間・小テスト）５０％
定期試験５０％"
経営,"英語（リーディング）３","加藤　治子","定期試験４０％　語彙テスト３０％　多読２０％　その他１０％"
経営,"英語（リーディング）３","杉浦　恵美子","定期試験４０％、中間テスト３０％、平常点３０％　平常点は、授業への積極的な参加とグループワークの成果から総合的に判断する。"
経営,"英語（コミュニケーション）中級１","HOARE Peter A.","Continual Evaluation Quiz 1-2 - 30%
Continual Evaluation Quiz 3-4 - 30%
Continual Evaluation Quiz 5-6 - 40%"
経営,"英語（リーディング）３","大達　誉華","定期試験 30%　　　　　授業参加度 10%
多読 30%
語彙テスト 30%"
経営,"国際流通論","謝　憲文","平常点(受講態度と小テスト)20%、レポート20％、試験60％。"
経営,"国際流通論","謝　憲文","平常点(受講態度と小テスト)20%、レポート20％、試験60％。"
経営,"国際貿易論","田中　武憲","試験８０％＋小レポート２０％"
経営,"国際フィールドワーク【アメリカ】","桑島　薫、鳥居　弘志","クラスでの発言60%、レポート40％"
経営,"国際フィールドワーク【アメリカ】","桑島　薫、鳥居　弘志","クラスでの発言60%、レポート40％"
経営,"中国語応用１","村松　恵子","毎回の講義に臨む姿勢(30%)と、定期試験の成績(70%)により、評価する。ただし、講義回数の３分の１以上の欠席があった場合には欠格とする。"
経営,"中国語応用１","村松　恵子","毎回の講義に臨む姿勢(30%)と、定期試験の成績(70%)により、評価する。ただし、講義回数の３分の１以上の欠席があった場合には欠格とする。"
経営,"国際経済論","石川　理那","・POP QUIZ：30％　 
・Mid-Term Report:20% 
・定期テスト：50％"
経営,"国際地域文化研究(中国)","村松　恵子","(1)平常点50点：毎回、講義中の口述説明および板書説明を各自で用意したノートに書き込み、さらに、毎回の講義の最後10分間程度で、その日の講義内容に対する各自の見解をノートに書いてもらう。そしてそのノートを期末試験の際に答案用紙と一緒に提出してもらい、平常点50点とする。
(2)定期試験50点：講義内容に関係するテーマを各自自分で決定し、そのテーマについて自分の見解を述べてもらう。期末試験の際、持ち込みは一切不可である。"
経営,"環境経済論","李　秀澈","小テスト20%、レポート20%、試験60%"
経営,"中国経済論","安藤　伸二","定期試験の成績により評価する。"
経営,"国際地域文化研究(フランス)","堀畑　正樹","平常点４０％：積極的な授業参加を評価する。
試験６０％：講義内容の理解度と試験での論述内容を評価する。"
経営,"アメリカ企業論","名和　洋人","試験（１００％）"
経営,"国際コミュニケーション論","HIRANO Anna","試験（70％）、授業参加度（20％）、授業態度（10％）
授業回数の３分の２以上の出席に満たない場合は欠格とする。"
経営,"現代産業組織論【国際経営学科】","大西　幹弘","講義回数の2/3以上の出席があり、かつ理解度確認テストを受験した場合にのみ単位認定の対象とします。配点は原則として次の通りです。
出席して質疑に参加：50%　理解度確認テスト：30%　レポート：10%　インターンシップへの参加：10%
なお講義に1/3以上無断欠席した場合には欠格とします。"
経営,"EU経済論","山本　いづみ","＊２年次・３年次生
　試験（100％・持ち込み参照一切不可）にて評価。

＊４年次生以上
　試験（70％・持ち込み参照一切不可）に加え、レポート課題（30％）をあわせて総合評価。なお、レポート未提出者は追再試験の受験資格がないので注意すること。テーマについては講義中に連絡するが、掲示板にも載せるので注意すること。"
経営,"アジア経済論","澤田　貴之","平常点（授業態度）50％、試験 50％"
経営,"英語（コミュニケーション）中級２","HOARE Peter A.","Continual Evaluation Quiz 7-8 - 30%
Continual Evaluation Quiz 9-10 - 30%
Continual Evaluation Quiz 11-12 - 40%"
経営,"英語（コミュニケーション）中級２","ﾊﾟｰｿﾝｽﾞ ｼﾞｮﾝ","Review Quiz 1 25%  Review Quiz 2 30%  Review Quiz 3 30%  Participation 15%"
経営,"英語（リーディング）４","神谷　真起子","定期試験の成績を基（約８０％）に、小テスト及び授業への参加態度も考慮（約２０％）して、適正な評価を行う。"
経営,"英語（コミュニケーション）中級２","Clayton Robert","Final grades = 3 in-class quizzes (70%) + homework (15%) + classroom participation (15%)"
経営,"英語実践演習２","東　博通","平常点（日頃の授業への取り組み態度）60％　
定期試験：40％"
経営,"英語実践演習２","東　博通","平常点（日頃の授業への取り組み態度）60％　
定期試験：40％"
経営,"英語実践演習２","杉浦　恵美子","平常点：６０％、定期試験：４０％　平常点は、小テスト、授業への参加度、授業態度で総合的に判断する。"
経営,"英語実践演習２","杉浦　恵美子","平常点：６０％、定期試験：４０％　平常点は、小テスト、授業への参加度、授業態度で総合的に判断する。"
経営,"英語実践演習２","桑島　薫","平常点（宿題、小テスト、演習問題、授業への取り組み態度）６０％
確認テスト（２９回目の授業で実施）４０％"
経営,"英語実践演習２","桑島　薫","平常点（宿題、小テスト、演習問題、授業への取り組み態度）６０％
確認テスト（２９回目の授業で実施）４０％"
経営,"英語（リーディング）４","加藤　治子","定期試験４０％　語彙テスト３０％　多読２０％　その他１０％"
経営,"英語（リーディング）４","杉浦　恵美子","定期試験４０％、中間テスト３０％、平常点３０％　平常点は、授業への積極的な参加とグループワークの成果から総合的に判断する。"
経営,"英語（コミュニケーション）中級２","HOARE Peter A.","Continual Evaluation Quiz 7-8 - 30%
Continual Evaluation Quiz 9-10 - 30%
Continual Evaluation Quiz 11-12 - 40%"
経営,"英語（リーディング）４","大達　誉華","定期試験 30%　　　　　 授業参加度 10%
多読　　　 30%
語彙テスト 30%"
経営,"国際経営論","田中　武憲","試験：８０％＋小レポート：２０％"
経営,"国際経営論","田中　武憲","試験：８０％＋小レポート：２０％"
経営,"中国語応用２","村松　恵子","毎回の講義に臨む姿勢(30%)と、定期試験の成績(70%)により、評価する。ただし、講義回数の３分の１以上の欠席があった場合には欠格とする。"
経営,"中国語応用２","村松　恵子","毎回の講義に臨む姿勢(30%)と、定期試験の成績(70%)により、評価する。ただし、講義回数の３分の１以上の欠席があった場合には欠格とする。"
経営,"中国企業論","安藤　伸二","定期試験の成績により評価する。"
経営,"アメリカ経済論","名和　洋人","試験（１００％）"
経営,"情報産業組織論【国際経営学科】","大西　幹弘","講義回数の2/3以上の出席があり、かつ理解度確認テストを受験した場合にのみ単位認定の対象とします。配点は原則として次の通りです。
出席して質疑に参加：50%　　理解度確認テスト：30%　　レポート：10%　　インターンシップへの参加：10%
なお講義に1/3以上無断欠席した場合には欠格とします。"
経営,"アジア企業論","澤田　貴之","平常点（授業態度）50％、試験 50％"
経営,"EU企業論","山本　いづみ","・４年生以上の受講生のみ、試験（持込参照条件：一切不可。70％）とレポート課題（30％）で総合評価する。レポート課題については、12月の第２回目の講義でアナウンスし、掲示板・ポータルサイトにも載せるので注意すること。
・レポート（４年次生以上）の内容が「コピペ」である場合は、レポート提出点が０点になるばかりでなく、単位取得そのものが認められない。
・３年次以下の受講生は、試験（持ち込み参照条件：一切不可：100％）のみで評価する。"
経営,"海外ＮＧＯ論","野崎　泰志","レポート２回提出。"
経営,"アジア経済史","澤田　貴之","平常点（授業態度）50％、試験 50％"
経営,"英語実践演習３","杉浦　恵美子","試験４０％、小テスト３０％、平常点３０％（平常点は、授業参加度、日頃の授業への取り組み態度で総合的に判断する）"
経営,"英語実践演習３","杉浦　恵美子","試験４０％、小テスト３０％、平常点３０％（平常点は、授業参加度、日頃の授業への取り組み態度で総合的に判断する）"
経営,"フランス言語社会論１","堀畑　正樹","平常点５０％：予習と積極的な授業参加を評価する。
試験５０％：授業の理解度と試験での論述内容を評価する。"
経営,"フランス言語社会論１","堀畑　正樹","平常点５０％：予習と積極的な授業参加を評価する。
試験５０％：授業の理解度と試験での論述内容を評価する。"
経営,"中国言語社会論１","村松　恵子","毎回教材としたビデオの視聴後、その内容についての感想を発言してもらう。さらにそこから学んだ事柄について、各自で用意したノートにまとめて書いてもらう。そのノートを定期試験の際に提出してもらい、それを５０点とし、そして定期試験５０点の合計点で成績を評価する。試験のテーマについては、授業の最後に説明する。ただし、講義回数の３分の１以上の欠席があった場合には欠格とする。"
経営,"中国言語社会論１","村松　恵子","毎回教材としたビデオの視聴後、その内容についての感想を発言してもらう。さらにそこから学んだ事柄について、各自で用意したノートにまとめて書いてもらう。そのノートを定期試験の際に提出してもらい、それを５０点とし、そして定期試験５０点の合計点で成績を評価する。試験のテーマについては、授業の最後に説明する。ただし、講義回数の３分の１以上の欠席があった場合には欠格とする。"
経営,"(特２)国際フィールドワーク２【アメリカ】","桑島　薫、鳥居　弘志","クラスでの発言60%、レポート40％"
経営,"(特２)国際フィールドワーク２【アメリカ】","桑島　薫、鳥居　弘志","クラスでの発言60%、レポート40％"
経営,"英語実践演習４","杉浦　恵美子","試験 ４０％、小テスト ３０％、平常点 ３０％（平常点は、授業参加度、日頃の授業への取り組み態度で総合的に判断する）"
経営,"英語実践演習４","杉浦　恵美子","試験 ４０％、小テスト ３０％、平常点 ３０％（平常点は、授業参加度、日頃の授業への取り組み態度で総合的に判断する）"
経営,"フランス言語社会論２","堀畑　正樹","平常点５０％：予習や授業での発言など、積極的な授業参加を評価する。
試験５０％：講義内容の理解度と論述内容を評価する。"
経営,"フランス言語社会論２","堀畑　正樹","平常点５０％：予習や授業での発言など、積極的な授業参加を評価する。
試験５０％：講義内容の理解度と論述内容を評価する。"
経営,"中国言語社会論２","村松　恵子","毎回教材としたビデオの視聴後、その内容についての感想を発言してもらう。さらにそこから学んだ事柄について、各自で用意したノートにまとめて書いてもらう。そのノートを定期試験の際に提出してもらい、それを５０点、そして定期試験５０点の合計点で成績を評価する。試験のテーマについては、授業の最後に説明する。ただし、講義回数の３分の１以上の欠席があった場合には欠格とする。"
経営,"中国言語社会論２","村松　恵子","毎回教材としたビデオの視聴後、その内容についての感想を発言してもらう。さらにそこから学んだ事柄について、各自で用意したノートにまとめて書いてもらう。そのノートを定期試験の際に提出してもらい、それを５０点、そして定期試験５０点の合計点で成績を評価する。試験のテーマについては、授業の最後に説明する。ただし、講義回数の３分の１以上の欠席があった場合には欠格とする。"
経営,"(特２)国際フィールドワーク３【アメリカ】","桑島　薫、鳥居　弘志","クラスでの発言60%、レポート40％"
経営,"(特２)国際フィールドワーク３【アメリカ】","桑島　薫、鳥居　弘志","クラスでの発言60%、レポート40％"
経営,"社会思想史","岸川　富士夫","２回のレポート（１回目：30点、2回目：70点）によって評価する。"
経営,"社会思想史","岸川　富士夫","２回のレポート（１回目：30点、2回目：70点）によって評価する。"
経営,"(特１)起業講座１","西山　賢一、教員未確定","毎回の事前調査（準備）および感想等のレポートなどから総合評価する。定期試験は（現段階では）予定していない。なお、授業回数の３分の１以上を欠席した場合は欠格とする。"
経営,"(特１)起業講座１","西山　賢一、教員未確定","毎回の事前調査（準備）および感想等のレポートなどから総合評価する。定期試験は（現段階では）予定していない。なお、授業回数の３分の１以上を欠席した場合は欠格とする。"
経営,"金融政策論","岸野　和郎","試験100％。"
経営,"(特１)野村證券寄附講座","富永 勝守","筆記試験
・試験の結果のみで判断致します。"
経営,"(特１)野村證券寄附講座","富永 勝守","筆記試験
・試験の結果のみで判断致します。"
経営,"(特１)起業講座２","西山　賢一、教員未確定","毎回の事前調査（準備）および感想等のレポートなどから総合評価する。定期試験は（現段階では）予定していない。なお、授業回数の３分の１以上を欠席した場合は欠格とする。"
経営,"(特１)起業講座２","西山　賢一、教員未確定","毎回の事前調査（準備）および感想等のレポートなどから総合評価する。定期試験は（現段階では）予定していない。なお、授業回数の３分の１以上を欠席した場合は欠格とする。"
経営,"(特１)起業講座３","西山　賢一、教員未確定","毎回の事前調査（準備）および感想等のレポートなどから総合評価する。定期試験は（現段階では）予定していない。なお、授業回数の３分の１以上を欠席した場合は欠格とする。"
経営,"(特１)起業講座３","西山　賢一、教員未確定","毎回の事前調査（準備）および感想等のレポートなどから総合評価する。定期試験は（現段階では）予定していない。なお、授業回数の３分の１以上を欠席した場合は欠格とする。"
経営,"産業技術論","渋井　康弘","期末試験（100点満点。持込不可）で評価。事実を踏まえて、論理的に論証できているかどうかを重視して採点します。まじめに勉強しない限り、合格点となる答案は書けません。"
経営,"産業技術論","渋井　康弘","期末試験（100点満点。持込不可）で評価。事実を踏まえて、論理的に論証できているかどうかを重視して採点します。まじめに勉強しない限り、合格点となる答案は書けません。"
経営,"産業集積論","井内　尚樹","小テスト･レポート、期末筆記試験などで総合的に判断する。
出席は加点要素とはしないが、出席日数が3分の2に満たない場合は欠格とする。"
経営,"(特１)初級日本語１【交換留学生用】","加納　麻理","平常点（２０％）：積極的な学習態度（提出物・小テストを含む）を評価する。試験（８０％）：講義内容　ただし３分の１以上欠席した場合は欠格とする。"
経営,"(特１)初級日本語２【交換留学生用】","服部　淳","筆記試験の結果（８０％）に授業参加度（２０％）を加えて評価する。"
経営,"(特１)初級日本語３【交換留学生用】","服部　淳","受講態度１０％、発表３０％、ロールプレイ３０％、筆記試験３０％"
経営,"(特１)初級日本語４【交換留学生用】","浅野　琴音","平常点３０％（授業参加度、貢献度を評価します）
宿題３０％
レポート提出４０％"
経営,"(特１)初級日本語５【交換留学生用】","加納　麻理","平常点２０％：積極的な発言、発表の準備等の学習態度を評価する。試験８０％：ただし３分の１以上欠席した場合は欠格とする。"
経営,"(特１)初級日本語６【交換留学生用】","浅野　琴音","平常点３０％（クラスへの参加度、貢献度を評価する）
インタビュープロジェクト１０％
宿題３０％　ロールプレイ３０％"
経営,"(特１)初級日本語７【交換留学生用】","加納　麻理","平常点（２０％）：積極的な学習態度（発表を含む）を評価する。試験（８０％）：講義内容　ただし３分の１以上欠席した場合は欠格とする。"
経営,"(特１)初級日本語８【交換留学生用】","服部　淳","筆記試験の結果（８０％）に授業参加度（２０％）を加えて評価する。"
経営,"(特１)初級日本語９【交換留学生用】","服部　淳","受講態度１０％、発表３０％、ロールプレイ３０％、筆記試験３０％"
経営,"(特１)初級日本語１０【交換留学生用】","浅野　琴音","平常点３０％（授業参加度、貢献度を評価します）
宿題３０％　
レポート作成４０％"
経営,"(特１)初級日本語１１【交換留学生用】","加納　麻理","平常点２０％：積極的な発言、発表の準備等の学習態度を評価する。試験８０％：ただし３分の１以上欠席した場合は欠格とする。"
経営,"(特１)初級日本語１２【交換留学生用】","浅野　琴音","平常点３０％（クラスへの参加度、貢献度を評価する）
プレゼンテーション２０％　宿題２０％
ロールプレイ３０％"
経営,"教職入門","曽山　和彦","・授業後の振り返りシート（30％）
・試験（70％）
・出席は加点とはしないが、3分の1以上の欠席で欠格"
経営,"教職入門","曽山　和彦","・授業後の振り返りシート（30％）
・試験（70％）
・出席は加点とはしないが、3分の1以上の欠席で欠格"
経営,"教育原論","嶋口　裕基","定期試験80％、授業内課題20％。教職科目という授業の性質に鑑みて、受講態度によって最大20％の減点をします。また、授業回数の3分の2以上の出席に満たない場合は欠格になります。"
経営,"教育原論","嶋口　裕基","定期試験80％、授業内課題20％。教職科目という授業の性質に鑑みて、受講態度によって最大20％の減点をします。また、授業回数の3分の2以上の出席に満たない場合は欠格になります。"
経営,"教育心理学","木村　美奈子","中間レポート20％、最終試験80％"
経営,"教育心理学","木村　美奈子","中間レポート20％、最終試験80％"
経営,"日本史１（旧カリ）","長屋　隆幸","定期試験７０％、授業中に課した小レポートや宿題３０％で評価する。定期試験は論述形式で行い、理解度・論理性などを判断基準とする。定期試験では授業中に配付する資料と自筆ノートの持ち込みを許可する。"
経営,"日本史１（旧カリ）","長屋　隆幸","定期試験７０％、授業中に課した小レポートや宿題３０％で評価する。定期試験は論述形式で行い、理解度・論理性などを判断基準とする。定期試験では授業中に配付する資料と自筆ノートの持ち込みを許可する。"
経営,"外国史（旧カリ）","仲山　茂","小テスト二回（30％）、定期試験（70％）。
試験は論述形式で、授業内容の理解度を評価する。"
経営,"外国史（旧カリ）","仲山　茂","小テスト二回（30％）、定期試験（70％）。
試験は論述形式で、授業内容の理解度を評価する。"
経営,"生涯学習論","片山　信吾","定期試験100％
授業を6回以上欠席した場合は欠格とする。"
経営,"生涯学習論","片山　信吾","定期試験100％
授業を6回以上欠席した場合は欠格とする。"
経営,"教育課程論","嶋口　裕基","定期試験80％、授業内課題20％。教職科目という授業の性質に鑑みて、受講態度によって最大20％の減点をします。また、授業回数の3分の2以上の出席に満たない場合は欠格になります。"
経営,"教育課程論","嶋口　裕基","定期試験80％、授業内課題20％。教職科目という授業の性質に鑑みて、受講態度によって最大20％の減点をします。また、授業回数の3分の2以上の出席に満たない場合は欠格になります。"
経営,"生徒・進路指導論","曽山　和彦","・授業後の振り返りシート（30％）
・試験（70％）
・出席は加点とはしないが、3分の1以上の欠席で欠格"
経営,"生徒・進路指導論","曽山　和彦","・授業後の振り返りシート（30％）
・試験（70％）
・出席は加点とはしないが、3分の1以上の欠席で欠格"
経営,"自然地理学（旧カリ）","稲垣　建志","定期試験が６０点。抜き打ち小テストが４回×１０点＝４０点。合計１００点満点とする。"
経営,"自然地理学（旧カリ）","稲垣　建志","定期試験が６０点。抜き打ち小テストが４回×１０点＝４０点。合計１００点満点とする。"
経営,"発達心理学","塩﨑　万里","定期試験50％、宿題（小レポート課題）30％、毎回の授業の課題を20％として成績を評価し、好ましくない受講態度は減点の対象とする。
授業回数の3分の１以上を欠席した場合は欠格とする。"
経営,"発達心理学","塩﨑　万里","定期試験50％、宿題（小レポート課題）30％、毎回の授業の課題を20％として成績を評価し、好ましくない受講態度は減点の対象とする。
授業回数の3分の１以上を欠席した場合は欠格とする。"
経営,"認知心理学","神谷　俊次","毎回の授業後に実施する講義内容に関するレポート（100%）により評価する。"
経営,"認知心理学","神谷　俊次","毎回の授業後に実施する講義内容に関するレポート（100%）により評価する。"
経営,"教育法規","片山　信吾","定期試験100％
授業を6回以上を欠席した場合は欠格とする。"
経営,"教育法規","片山　信吾","定期試験100％
授業を6回以上を欠席した場合は欠格とする。"
経営,"教育方法論","平山　勉","毎回の授業の終わりに小課題に取り組んでもらう。また，授業の後半に，演習的な要素も盛り込む。小課題（２０％）、演習（３０％）、最終課題（５０％）を総合的に評価する。"
経営,"教育方法論","平山　勉","毎回の授業の終わりに小課題に取り組んでもらう。また，授業の後半に，演習的な要素も盛り込む。小課題（２０％）、演習（３０％）、最終課題（５０％）を総合的に評価する。"
経営,"学校教育相談","曽山　和彦","・授業後の振り返りシート（30％）
・試験（70％）
・出席は加点とはしないが、3分の1以上の欠席で欠格"
経営,"学校教育相談","曽山　和彦","・授業後の振り返りシート（30％）
・試験（70％）
・出席は加点とはしないが、3分の1以上の欠席で欠格"
経営,"日本文化史（旧カリ）","山中　雅子","平常点(受講態度・課題レポート[60％])と定期試験[40％]の総合評価で行う。授業の進度を鑑み講義時間内で２～３回のレポートを課す。"
経営,"日本文化史（旧カリ）","山中　雅子","平常点(受講態度・課題レポート[60％])と定期試験[40％]の総合評価で行う。授業の進度を鑑み講義時間内で２～３回のレポートを課す。"
経営,"民俗学（旧カリ）","山中　雅子","平常点(受講態度・課題レポート[60％])および定期試験[40％]による総合評価。なお、出席不足者の定期試験受験は認めない。"
経営,"民俗学（旧カリ）","山中　雅子","平常点(受講態度・課題レポート[60％])および定期試験[40％]による総合評価。なお、出席不足者の定期試験受験は認めない。"
経営,"教育行政論","片山　信吾","定期試験100％
授業を6回以上欠席した場合は、欠格とする。"
経営,"教育行政論","片山　信吾","定期試験100％
授業を6回以上欠席した場合は、欠格とする。"
経営,"道徳教育の指導法","塚原　利理","小テスト３０点（道徳教育の歴史、学習指導要領上での位置づけ、道徳性の発達について）、課題レポート７０点（道徳の学習指導案）　"
経営,"道徳教育の指導法","塚原　利理","小テスト３０点（道徳教育の歴史、学習指導要領上での位置づけ、道徳性の発達について）、課題レポート７０点（道徳の学習指導案）　"
経営,"特別活動の指導法","杉浦　里美","・　授業後の振り返りシート（３０％）、グループワークの発表等（２０％）、試験（５０％）
・　出席は加点としないが、３分の１以上の欠席で失格"
経営,"特別活動の指導法","杉浦　里美","・　授業後の振り返りシート（３０％）、グループワークの発表等（２０％）、試験（５０％）
・　出席は加点としないが、３分の１以上の欠席で失格"
経営,"教育情報論","平山　勉","毎回演習的な要素も盛り込む。演習への積極的な取り組み（40％）及び毎回の授業の振り返りの小課題（30％）、最終課題（30％）を総合的に評価する。"
経営,"教育情報論","平山　勉","毎回演習的な要素も盛り込む。演習への積極的な取り組み（40％）及び毎回の授業の振り返りの小課題（30％）、最終課題（30％）を総合的に評価する。"
経営,"古文書学（旧カリ）","山中　雅子","・平常点40％（受講態度及び課題に対する取り組み・小テストの点数により判断する。なお1/3以上の欠席は定期試験の受験を認めない。また、時間内で複数の小テストをおこなう。)
・定期試験60％（くずし字がどれだけ読めるかにかかっている。）
・テスト・定期試験では『くずし字解読辞典』の持ち込みを認める。"
経営,"古文書学（旧カリ）","山中　雅子","・平常点40％（受講態度及び課題に対する取り組み・小テストの点数により判断する。なお1/3以上の欠席は定期試験の受験を認めない。また、時間内で複数の小テストをおこなう。)
・定期試験60％（くずし字がどれだけ読めるかにかかっている。）
・テスト・定期試験では『くずし字解読辞典』の持ち込みを認める。"
経営,"地理学１（旧カリ）","稲垣　建志","定期試験が６０点。抜き打ち小テストが４回×１０点＝４０点。合計１００点満点とする。"
経営,"地理学１（旧カリ）","稲垣　建志","定期試験が６０点。抜き打ち小テストが４回×１０点＝４０点。合計１００点満点とする。"
経営,"地誌学（旧カリ）","稲垣　建志","定期試験が６０点。抜き打ち小テストが４回×１０点＝４０点。合計１００点満点とする。"
経営,"地誌学（旧カリ）","稲垣　建志","定期試験が６０点。抜き打ち小テストが４回×１０点＝４０点。合計１００点満点とする。"
経営,"倫理学１（旧カリ）","高畑　祐人","定期試験100％"
経営,"倫理学１（旧カリ）","高畑　祐人","定期試験100％"
経営,"商業科教育法","野田　隆洋","授業態度（３０％）　授業中に指示する課題および演習（３０％）　定期試験（４０％）"
経営,"商業科教育法","野田　隆洋","授業態度（３０％）　授業中に指示する課題および演習（３０％）　定期試験（４０％）"
経営,"商業科指導法","野田　隆洋","受講態度（３０％）　講義中に指示する課題（３０％）　演習（４０％）　"
経営,"商業科指導法","野田　隆洋","受講態度（３０％）　講義中に指示する課題（３０％）　演習（４０％）　"
経営,"教育実習の研究(事前)","曽山　和彦","・授業後の振り返りシート（20%）
・学習指導案（30%）
・模擬授業（50%）
・出席は加点とはしないが、3分の1以上の欠席で欠格"
経営,"教育実習の研究(事前)","曽山　和彦","・授業後の振り返りシート（20%）
・学習指導案（30%）
・模擬授業（50%）
・出席は加点とはしないが、3分の1以上の欠席で欠格"
経営,"教育メディア環境論","平山　勉","毎回演習的な要素を盛り込む。演習への積極的な取り組み（20％）及び毎回の授業の振り返りの小課題（30％），最終課題（50％）を総合的に評価する。"
経営,"教育メディア環境論","平山　勉","毎回演習的な要素を盛り込む。演習への積極的な取り組み（20％）及び毎回の授業の振り返りの小課題（30％），最終課題（50％）を総合的に評価する。"
経営,"哲学１","高畑　祐人","中間テスト50％、定期試験50％"
経営,"哲学１","高畑　祐人","中間テスト50％、定期試験50％"
経営,"教育実習１","曽山　和彦"," 
1. 『教育実習の手引き』　				

                                        名城大学(教職センター)                                



2. 実習教科の学習指導要領解説				

                                        文部科学省                                


"
経営,"教育実習１","曽山　和彦"," 
1. 『教育実習の手引き』　				

                                        名城大学(教職センター)                                



2. 実習教科の学習指導要領解説				

                                        文部科学省                                


"
経営,"教育実習２","曽山　和彦","教育実習は、大学では学べないことを学ぶことのできる、教育現場での体験活動である。貴重な機会を生かして、多くのことを学び、教員としての力量を高めるとともに、教員になる自覚をさらに高めること。"
経営,"教育実習２","曽山　和彦","教育実習は、大学では学べないことを学ぶことのできる、教育現場での体験活動である。貴重な機会を生かして、多くのことを学び、教員としての力量を高めるとともに、教員になる自覚をさらに高めること。"
経営,"教育実習の研究（事後）","曽山　和彦","平常点100％　教育実習の研究(事前)と併せて評価する。レポート、口頭試問等。"
経営,"教育実習の研究（事後）","曽山　和彦","平常点100％　教育実習の研究(事前)と併せて評価する。レポート、口頭試問等。"
経営,"教職実践演習(中・高)","曽山　和彦"," 
1. 特に指定しない。必要に応じて、プリントを配付する。				




"
経営,"教職実践演習(中・高)","曽山　和彦"," 
1. 特に指定しない。必要に応じて、プリントを配付する。				




"
経営,"生涯学習論","片山　信吾","定期試験100％
授業を6回以上欠席した場合は欠格とする。"
経営,"生涯学習論","片山　信吾","定期試験100％
授業を6回以上欠席した場合は欠格とする。"
経営,"博物館教育論","吉田　俊英","平常点（授業参加度）30％、レポート20％、試験50％"
経営,"博物館教育論","吉田　俊英","平常点（授業参加度）30％、レポート20％、試験50％"
経営,"博物館原論","高橋　秀治","平常点（基本的に講義ごとにアンケートを実施ー提出率を成績に反映。アンケート回数の１/３以上の未提出は欠格）５０％、レポート１回５０％"
経営,"博物館原論","高橋　秀治","平常点（基本的に講義ごとにアンケートを実施ー提出率を成績に反映。アンケート回数の１/３以上の未提出は欠格）５０％、レポート１回５０％"
経営,"博物館資料保存論","川瀬　基弘","小テスト６０％、随時行う簡単なレポート３０％、参加態度１０％、欠席は減点する。毎回小テストを行う。"
経営,"博物館資料保存論","川瀬　基弘","小テスト６０％、随時行う簡単なレポート３０％、参加態度１０％、欠席は減点する。毎回小テストを行う。"
経営,"日本文化の歴史","山中　雅子","平常点(受講態度・課題レポート[60％])と定期試験[40％]の総合評価で行う。授業の進度を鑑み講義時間内で２～３回のレポートを課す。"
経営,"日本文化の歴史","山中　雅子","平常点(受講態度・課題レポート[60％])と定期試験[40％]の総合評価で行う。授業の進度を鑑み講義時間内で２～３回のレポートを課す。"
経営,"民俗学","山中　雅子","平常点(受講態度・課題レポート[60％])および定期試験[40％]による総合評価。なお、出席不足者の定期試験受験は認めない。"
経営,"民俗学","山中　雅子","平常点(受講態度・課題レポート[60％])および定期試験[40％]による総合評価。なお、出席不足者の定期試験受験は認めない。"
経営,"日本文化史（旧カリ）","山中　雅子","平常点(受講態度・課題レポート[60％])と定期試験[40％]の総合評価で行う。授業の進度を鑑み講義時間内で２～３回のレポートを課す。"
経営,"日本文化史（旧カリ）","山中　雅子","平常点(受講態度・課題レポート[60％])と定期試験[40％]の総合評価で行う。授業の進度を鑑み講義時間内で２～３回のレポートを課す。"
経営,"民俗学（旧カリ）","山中　雅子","平常点(受講態度・課題レポート[60％])および定期試験[40％]による総合評価。なお、出席不足者の定期試験受験は認めない。"
経営,"民俗学（旧カリ）","山中　雅子","平常点(受講態度・課題レポート[60％])および定期試験[40％]による総合評価。なお、出席不足者の定期試験受験は認めない。"
経営,"博物館経営論","水谷　栄太郎","平常点（受講態度・積極性）30％　レポート1回提出30％　　試験40％　ただし、授業回数の3/1を超えて欠席した場合は失格とする。"
経営,"博物館経営論","水谷　栄太郎","平常点（受講態度・積極性）30％　レポート1回提出30％　　試験40％　ただし、授業回数の3/1を超えて欠席した場合は失格とする。"
経営,"博物館展示論","尾坂　知江子","事前課題の提出50％　　　授業内レポート・小テスト30%　　参加態度20%　　欠席は減点する。"
経営,"博物館展示論","尾坂　知江子","事前課題の提出50％　　　授業内レポート・小テスト30%　　参加態度20%　　欠席は減点する。"
経営,"古文書学","山中　雅子","・平常点40％（受講態度及び課題に対する取り組み・小テストの点数により判断する。なお1/3以上の欠席は定期試験の受験を認めない。また、時間内で複数の小テストをおこなう。)
・定期試験60％（くずし字がどれだけ読めるかにかかっている。）
・テスト・定期試験では『くずし字解読辞典』の持ち込みを認める。"
経営,"古文書学","山中　雅子","・平常点40％（受講態度及び課題に対する取り組み・小テストの点数により判断する。なお1/3以上の欠席は定期試験の受験を認めない。また、時間内で複数の小テストをおこなう。)
・定期試験60％（くずし字がどれだけ読めるかにかかっている。）
・テスト・定期試験では『くずし字解読辞典』の持ち込みを認める。"
経営,"古文書学（旧カリ）","山中　雅子","・平常点40％（受講態度及び課題に対する取り組み・小テストの点数により判断する。なお1/3以上の欠席は定期試験の受験を認めない。また、時間内で複数の小テストをおこなう。)
・定期試験60％（くずし字がどれだけ読めるかにかかっている。）
・テスト・定期試験では『くずし字解読辞典』の持ち込みを認める。"
経営,"古文書学（旧カリ）","山中　雅子","・平常点40％（受講態度及び課題に対する取り組み・小テストの点数により判断する。なお1/3以上の欠席は定期試験の受験を認めない。また、時間内で複数の小テストをおこなう。)
・定期試験60％（くずし字がどれだけ読めるかにかかっている。）
・テスト・定期試験では『くずし字解読辞典』の持ち込みを認める。"
経営,"博物館実習１","山中　雅子、伊藤　俊一、平山　勉","実習のため、欠席することで技術の習得が遅れることになる。したがって、積極的な取り組み姿勢は評価に大きく反映させる(40％)。試験は行わないが、受講態度と技術習得の度合いを評価の対象に含め、レポートにて最終的な評価を行う(60％)。"
経営,"博物館実習１","山中　雅子、伊藤　俊一、平山　勉","実習のため、欠席することで技術の習得が遅れることになる。したがって、積極的な取り組み姿勢は評価に大きく反映させる(40％)。試験は行わないが、受講態度と技術習得の度合いを評価の対象に含め、レポートにて最終的な評価を行う(60％)。"
経営,"博物館資料論２","森　達也","受講態度40％、試験の成績60％。これらを総合して評価する。
ただし、受講回数の3分の1以上欠席した場合は欠格とする。"
経営,"博物館資料論２","森　達也","受講態度40％、試験の成績60％。これらを総合して評価する。
ただし、受講回数の3分の1以上欠席した場合は欠格とする。"
経営,"博物館情報論","平山　勉","毎回演習的な要素も盛り込む。演習への積極的な取り組み（40％）及び毎回の授業の振り返りの小課題（30％）、最終課題（30％）を総合的に評価する。チラシ作成の演習及び博物館実地調査・発表の中で、グループメンバー間の相互連携・協力の姿勢も評価に加算する。"
経営,"博物館情報論","平山　勉","毎回演習的な要素も盛り込む。演習への積極的な取り組み（40％）及び毎回の授業の振り返りの小課題（30％）、最終課題（30％）を総合的に評価する。チラシ作成の演習及び博物館実地調査・発表の中で、グループメンバー間の相互連携・協力の姿勢も評価に加算する。"
経営,"教育メディア環境論","平山　勉","毎回演習的な要素を盛り込む。演習への積極的な取り組み（20％）及び毎回の授業の振り返りの小課題（30％），最終課題（50％）を総合的に評価する。"
経営,"教育メディア環境論","平山　勉","毎回演習的な要素を盛り込む。演習への積極的な取り組み（20％）及び毎回の授業の振り返りの小課題（30％），最終課題（50％）を総合的に評価する。"
経営,"博物館実習２","平山　勉","館務実習における参加の記録（実習簿、作品等）及び実習前後の面談、補充学習等を総合的に評価する。（100％）"
経営,"博物館実習２","平山　勉","館務実習における参加の記録（実習簿、作品等）及び実習前後の面談、補充学習等を総合的に評価する。（100％）"
経営,"博物館実習３","平山　勉","館務実習における参加の記録（実習簿、作品等）及び実習前後の面談、補充学習等を総合的に評価する。（100％）"
経営,"博物館実習３","平山　勉","館務実習における参加の記録（実習簿、作品等）及び実習前後の面談、補充学習等を総合的に評価する。（100％）"
